/*
 Navicat Premium Data Transfer

 Source Server         : localhost
 Source Server Type    : MariaDB
 Source Server Version : 100519 (10.5.19-MariaDB-log)
 Source Host           : localhost:3306
 Source Schema         : kul_db_web1

 Target Server Type    : MariaDB
 Target Server Version : 100519 (10.5.19-MariaDB-log)
 File Encoding         : 65001

 Date: 22/07/2023 23:46:46
*/

SET NAMES utf8mb4;
SET FOREIGN_KEY_CHECKS = 0;

-- ----------------------------
-- Table structure for kelas
-- ----------------------------
DROP TABLE IF EXISTS `kelas`;
CREATE TABLE `kelas`  (
  `id_kelas` int(11) NULL DEFAULT NULL,
  `nama_kelas` varchar(50) CHARACTER SET latin1 COLLATE latin1_swedish_ci NULL DEFAULT NULL
) ENGINE = InnoDB CHARACTER SET = latin1 COLLATE = latin1_swedish_ci ROW_FORMAT = Compact;

-- ----------------------------
-- Records of kelas
-- ----------------------------
INSERT INTO `kelas` VALUES (1, 'AK 2021');
INSERT INTO `kelas` VALUES (2, 'AK 2020');
INSERT INTO `kelas` VALUES (3, 'TM 2020');
INSERT INTO `kelas` VALUES (4, 'TM 2021');
INSERT INTO `kelas` VALUES (5, 'TK 2021');
INSERT INTO `kelas` VALUES (6, 'TK 2020');
INSERT INTO `kelas` VALUES (7, 'TE 2021');
INSERT INTO `kelas` VALUES (8, 'TE 2021 K');
INSERT INTO `kelas` VALUES (9, 'TE 2020');
INSERT INTO `kelas` VALUES (10, 'TE 2020 K');
INSERT INTO `kelas` VALUES (11, 'MO 2020');
INSERT INTO `kelas` VALUES (12, 'MO 2021');
INSERT INTO `kelas` VALUES (13, 'AB 2021');
INSERT INTO `kelas` VALUES (14, 'AB 2020 A');
INSERT INTO `kelas` VALUES (15, 'AB 2020 B');
INSERT INTO `kelas` VALUES (16, 'KIM 2021');
INSERT INTO `kelas` VALUES (17, 'KIM 2020');
INSERT INTO `kelas` VALUES (18, 'KIM 2020 K');
INSERT INTO `kelas` VALUES (19, 'RM 2021 A');
INSERT INTO `kelas` VALUES (20, 'RM 2021 B');
INSERT INTO `kelas` VALUES (21, 'RM 2021 K');
INSERT INTO `kelas` VALUES (22, 'RM 2020 A');
INSERT INTO `kelas` VALUES (23, 'RM 2020 B');
INSERT INTO `kelas` VALUES (24, 'RM 2020 K');
INSERT INTO `kelas` VALUES (25, 'IF 2021 A');
INSERT INTO `kelas` VALUES (27, 'IF 2021 K');
INSERT INTO `kelas` VALUES (28, 'IF 2020 A');
INSERT INTO `kelas` VALUES (29, 'IF 2020 B');
INSERT INTO `kelas` VALUES (30, 'IF 2020 C');
INSERT INTO `kelas` VALUES (31, 'IF 2020 K');
INSERT INTO `kelas` VALUES (32, 'IF 2019 A');
INSERT INTO `kelas` VALUES (33, 'IF 2019 B');
INSERT INTO `kelas` VALUES (34, 'IF 2019 C');
INSERT INTO `kelas` VALUES (35, 'IF 2019 D');
INSERT INTO `kelas` VALUES (36, 'IF 2019 E');
INSERT INTO `kelas` VALUES (37, 'IF 2019 K');
INSERT INTO `kelas` VALUES (38, 'KA 2021');
INSERT INTO `kelas` VALUES (39, 'KA 2020 A');
INSERT INTO `kelas` VALUES (40, 'KA 2020 B');
INSERT INTO `kelas` VALUES (41, 'KA 2020 K');
INSERT INTO `kelas` VALUES (42, 'KA 2019 A');
INSERT INTO `kelas` VALUES (43, 'KA 2019 B');
INSERT INTO `kelas` VALUES (44, 'KA 2019 C');
INSERT INTO `kelas` VALUES (45, 'KA 2019 K');
INSERT INTO `kelas` VALUES (46, 'MID 2021');
INSERT INTO `kelas` VALUES (47, 'MID 2021 K');
INSERT INTO `kelas` VALUES (48, 'MID 2020');
INSERT INTO `kelas` VALUES (49, 'MID 2020 K');
INSERT INTO `kelas` VALUES (50, 'MID 2019');
INSERT INTO `kelas` VALUES (51, 'MID 2019 K');
INSERT INTO `kelas` VALUES (52, 'MK 2021');
INSERT INTO `kelas` VALUES (53, 'MK 2020');
INSERT INTO `kelas` VALUES (54, 'MK 2019');
INSERT INTO `kelas` VALUES (55, 'TOI 2021');
INSERT INTO `kelas` VALUES (56, 'TOI 2020 A');
INSERT INTO `kelas` VALUES (57, 'TOI 2020 B');
INSERT INTO `kelas` VALUES (58, 'TOI 2020 K');
INSERT INTO `kelas` VALUES (59, 'TOI 2019 A');
INSERT INTO `kelas` VALUES (60, 'TOI 2019 B');
INSERT INTO `kelas` VALUES (61, 'TOI 2019 K');
INSERT INTO `kelas` VALUES (62, 'KB 2021');
INSERT INTO `kelas` VALUES (63, 'KB 2021 K');
INSERT INTO `kelas` VALUES (64, 'KB 2020');
INSERT INTO `kelas` VALUES (65, 'KB 2019');
INSERT INTO `kelas` VALUES (66, 'KB 2019 K');
INSERT INTO `kelas` VALUES (26, 'IF 2021 B');

-- ----------------------------
-- Table structure for kelas_mahasiswa
-- ----------------------------
DROP TABLE IF EXISTS `kelas_mahasiswa`;
CREATE TABLE `kelas_mahasiswa`  (
  `id` int(11) NOT NULL AUTO_INCREMENT,
  `kelas_id` int(11) NULL DEFAULT NULL,
  `mahasiswa_id` int(11) NULL DEFAULT NULL,
  PRIMARY KEY (`id`) USING BTREE
) ENGINE = InnoDB AUTO_INCREMENT = 1208 CHARACTER SET = latin1 COLLATE = latin1_swedish_ci ROW_FORMAT = Compact;

-- ----------------------------
-- Records of kelas_mahasiswa
-- ----------------------------
INSERT INTO `kelas_mahasiswa` VALUES (1, 14, 950);
INSERT INTO `kelas_mahasiswa` VALUES (2, 14, 951);
INSERT INTO `kelas_mahasiswa` VALUES (3, 14, 952);
INSERT INTO `kelas_mahasiswa` VALUES (4, 14, 1296);
INSERT INTO `kelas_mahasiswa` VALUES (5, 14, 953);
INSERT INTO `kelas_mahasiswa` VALUES (6, 14, 954);
INSERT INTO `kelas_mahasiswa` VALUES (7, 14, 955);
INSERT INTO `kelas_mahasiswa` VALUES (8, 14, 956);
INSERT INTO `kelas_mahasiswa` VALUES (9, 14, 957);
INSERT INTO `kelas_mahasiswa` VALUES (10, 14, 959);
INSERT INTO `kelas_mahasiswa` VALUES (11, 14, 960);
INSERT INTO `kelas_mahasiswa` VALUES (12, 14, 962);
INSERT INTO `kelas_mahasiswa` VALUES (13, 14, 963);
INSERT INTO `kelas_mahasiswa` VALUES (14, 14, 964);
INSERT INTO `kelas_mahasiswa` VALUES (15, 14, 965);
INSERT INTO `kelas_mahasiswa` VALUES (16, 14, 966);
INSERT INTO `kelas_mahasiswa` VALUES (17, 14, 969);
INSERT INTO `kelas_mahasiswa` VALUES (18, 14, 970);
INSERT INTO `kelas_mahasiswa` VALUES (19, 14, 971);
INSERT INTO `kelas_mahasiswa` VALUES (20, 14, 972);
INSERT INTO `kelas_mahasiswa` VALUES (21, 15, 974);
INSERT INTO `kelas_mahasiswa` VALUES (22, 15, 975);
INSERT INTO `kelas_mahasiswa` VALUES (23, 15, 976);
INSERT INTO `kelas_mahasiswa` VALUES (24, 15, 977);
INSERT INTO `kelas_mahasiswa` VALUES (25, 15, 978);
INSERT INTO `kelas_mahasiswa` VALUES (26, 15, 979);
INSERT INTO `kelas_mahasiswa` VALUES (27, 15, 980);
INSERT INTO `kelas_mahasiswa` VALUES (28, 15, 981);
INSERT INTO `kelas_mahasiswa` VALUES (29, 15, 982);
INSERT INTO `kelas_mahasiswa` VALUES (30, 15, 983);
INSERT INTO `kelas_mahasiswa` VALUES (31, 15, 986);
INSERT INTO `kelas_mahasiswa` VALUES (32, 15, 989);
INSERT INTO `kelas_mahasiswa` VALUES (33, 15, 990);
INSERT INTO `kelas_mahasiswa` VALUES (34, 15, 991);
INSERT INTO `kelas_mahasiswa` VALUES (35, 15, 992);
INSERT INTO `kelas_mahasiswa` VALUES (36, 15, 993);
INSERT INTO `kelas_mahasiswa` VALUES (37, 15, 994);
INSERT INTO `kelas_mahasiswa` VALUES (38, 15, 995);
INSERT INTO `kelas_mahasiswa` VALUES (39, 15, 985);
INSERT INTO `kelas_mahasiswa` VALUES (40, 13, 1354);
INSERT INTO `kelas_mahasiswa` VALUES (41, 13, 1355);
INSERT INTO `kelas_mahasiswa` VALUES (42, 13, 1356);
INSERT INTO `kelas_mahasiswa` VALUES (43, 13, 1357);
INSERT INTO `kelas_mahasiswa` VALUES (44, 13, 1358);
INSERT INTO `kelas_mahasiswa` VALUES (45, 13, 1360);
INSERT INTO `kelas_mahasiswa` VALUES (46, 13, 1361);
INSERT INTO `kelas_mahasiswa` VALUES (47, 13, 1362);
INSERT INTO `kelas_mahasiswa` VALUES (48, 13, 1363);
INSERT INTO `kelas_mahasiswa` VALUES (49, 13, 1364);
INSERT INTO `kelas_mahasiswa` VALUES (50, 13, 1366);
INSERT INTO `kelas_mahasiswa` VALUES (51, 13, 1367);
INSERT INTO `kelas_mahasiswa` VALUES (52, 13, 1368);
INSERT INTO `kelas_mahasiswa` VALUES (53, 13, 1369);
INSERT INTO `kelas_mahasiswa` VALUES (54, 13, 1370);
INSERT INTO `kelas_mahasiswa` VALUES (55, 13, 1371);
INSERT INTO `kelas_mahasiswa` VALUES (56, 13, 1372);
INSERT INTO `kelas_mahasiswa` VALUES (57, 13, 1373);
INSERT INTO `kelas_mahasiswa` VALUES (58, 13, 1374);
INSERT INTO `kelas_mahasiswa` VALUES (59, 13, 1375);
INSERT INTO `kelas_mahasiswa` VALUES (60, 13, 1376);
INSERT INTO `kelas_mahasiswa` VALUES (61, 13, 1377);
INSERT INTO `kelas_mahasiswa` VALUES (62, 13, 1379);
INSERT INTO `kelas_mahasiswa` VALUES (63, 13, 1615);
INSERT INTO `kelas_mahasiswa` VALUES (64, 13, 1622);
INSERT INTO `kelas_mahasiswa` VALUES (65, 13, 40);
INSERT INTO `kelas_mahasiswa` VALUES (66, 2, 692);
INSERT INTO `kelas_mahasiswa` VALUES (67, 2, 693);
INSERT INTO `kelas_mahasiswa` VALUES (68, 2, 694);
INSERT INTO `kelas_mahasiswa` VALUES (69, 2, 695);
INSERT INTO `kelas_mahasiswa` VALUES (70, 2, 696);
INSERT INTO `kelas_mahasiswa` VALUES (71, 2, 697);
INSERT INTO `kelas_mahasiswa` VALUES (72, 2, 698);
INSERT INTO `kelas_mahasiswa` VALUES (73, 2, 699);
INSERT INTO `kelas_mahasiswa` VALUES (74, 2, 700);
INSERT INTO `kelas_mahasiswa` VALUES (75, 2, 701);
INSERT INTO `kelas_mahasiswa` VALUES (76, 2, 702);
INSERT INTO `kelas_mahasiswa` VALUES (77, 2, 703);
INSERT INTO `kelas_mahasiswa` VALUES (78, 2, 704);
INSERT INTO `kelas_mahasiswa` VALUES (79, 2, 705);
INSERT INTO `kelas_mahasiswa` VALUES (80, 2, 706);
INSERT INTO `kelas_mahasiswa` VALUES (81, 2, 707);
INSERT INTO `kelas_mahasiswa` VALUES (82, 2, 708);
INSERT INTO `kelas_mahasiswa` VALUES (83, 2, 709);
INSERT INTO `kelas_mahasiswa` VALUES (84, 2, 710);
INSERT INTO `kelas_mahasiswa` VALUES (85, 2, 711);
INSERT INTO `kelas_mahasiswa` VALUES (86, 2, 712);
INSERT INTO `kelas_mahasiswa` VALUES (87, 2, 713);
INSERT INTO `kelas_mahasiswa` VALUES (88, 2, 714);
INSERT INTO `kelas_mahasiswa` VALUES (89, 2, 715);
INSERT INTO `kelas_mahasiswa` VALUES (90, 2, 718);
INSERT INTO `kelas_mahasiswa` VALUES (91, 2, 719);
INSERT INTO `kelas_mahasiswa` VALUES (92, 2, 723);
INSERT INTO `kelas_mahasiswa` VALUES (93, 2, 725);
INSERT INTO `kelas_mahasiswa` VALUES (94, 2, 726);
INSERT INTO `kelas_mahasiswa` VALUES (95, 2, 727);
INSERT INTO `kelas_mahasiswa` VALUES (96, 2, 728);
INSERT INTO `kelas_mahasiswa` VALUES (97, 2, 729);
INSERT INTO `kelas_mahasiswa` VALUES (98, 1, 1303);
INSERT INTO `kelas_mahasiswa` VALUES (99, 1, 1304);
INSERT INTO `kelas_mahasiswa` VALUES (100, 1, 1305);
INSERT INTO `kelas_mahasiswa` VALUES (101, 1, 1306);
INSERT INTO `kelas_mahasiswa` VALUES (102, 1, 1616);
INSERT INTO `kelas_mahasiswa` VALUES (103, 1, 1630);
INSERT INTO `kelas_mahasiswa` VALUES (104, 1, 1631);
INSERT INTO `kelas_mahasiswa` VALUES (105, 1, 1633);
INSERT INTO `kelas_mahasiswa` VALUES (106, 1, 1634);
INSERT INTO `kelas_mahasiswa` VALUES (107, 1, 1635);
INSERT INTO `kelas_mahasiswa` VALUES (108, 1, 1636);
INSERT INTO `kelas_mahasiswa` VALUES (109, 1, 1638);
INSERT INTO `kelas_mahasiswa` VALUES (110, 1, 1692);
INSERT INTO `kelas_mahasiswa` VALUES (111, 1, 1693);
INSERT INTO `kelas_mahasiswa` VALUES (112, 42, 513);
INSERT INTO `kelas_mahasiswa` VALUES (113, 42, 512);
INSERT INTO `kelas_mahasiswa` VALUES (114, 42, 510);
INSERT INTO `kelas_mahasiswa` VALUES (115, 42, 509);
INSERT INTO `kelas_mahasiswa` VALUES (116, 42, 508);
INSERT INTO `kelas_mahasiswa` VALUES (117, 42, 506);
INSERT INTO `kelas_mahasiswa` VALUES (118, 42, 505);
INSERT INTO `kelas_mahasiswa` VALUES (119, 42, 504);
INSERT INTO `kelas_mahasiswa` VALUES (120, 42, 515);
INSERT INTO `kelas_mahasiswa` VALUES (121, 42, 502);
INSERT INTO `kelas_mahasiswa` VALUES (122, 42, 503);
INSERT INTO `kelas_mahasiswa` VALUES (123, 42, 501);
INSERT INTO `kelas_mahasiswa` VALUES (124, 42, 500);
INSERT INTO `kelas_mahasiswa` VALUES (125, 42, 499);
INSERT INTO `kelas_mahasiswa` VALUES (126, 42, 496);
INSERT INTO `kelas_mahasiswa` VALUES (127, 42, 494);
INSERT INTO `kelas_mahasiswa` VALUES (128, 42, 493);
INSERT INTO `kelas_mahasiswa` VALUES (129, 42, 490);
INSERT INTO `kelas_mahasiswa` VALUES (130, 42, 489);
INSERT INTO `kelas_mahasiswa` VALUES (131, 42, 488);
INSERT INTO `kelas_mahasiswa` VALUES (132, 42, 485);
INSERT INTO `kelas_mahasiswa` VALUES (133, 42, 484);
INSERT INTO `kelas_mahasiswa` VALUES (134, 42, 483);
INSERT INTO `kelas_mahasiswa` VALUES (135, 43, 550);
INSERT INTO `kelas_mahasiswa` VALUES (136, 43, 551);
INSERT INTO `kelas_mahasiswa` VALUES (137, 43, 553);
INSERT INTO `kelas_mahasiswa` VALUES (138, 43, 554);
INSERT INTO `kelas_mahasiswa` VALUES (139, 43, 555);
INSERT INTO `kelas_mahasiswa` VALUES (140, 43, 556);
INSERT INTO `kelas_mahasiswa` VALUES (141, 43, 557);
INSERT INTO `kelas_mahasiswa` VALUES (142, 43, 558);
INSERT INTO `kelas_mahasiswa` VALUES (143, 43, 559);
INSERT INTO `kelas_mahasiswa` VALUES (144, 43, 560);
INSERT INTO `kelas_mahasiswa` VALUES (145, 43, 561);
INSERT INTO `kelas_mahasiswa` VALUES (146, 43, 562);
INSERT INTO `kelas_mahasiswa` VALUES (147, 43, 564);
INSERT INTO `kelas_mahasiswa` VALUES (148, 43, 565);
INSERT INTO `kelas_mahasiswa` VALUES (149, 43, 566);
INSERT INTO `kelas_mahasiswa` VALUES (150, 43, 567);
INSERT INTO `kelas_mahasiswa` VALUES (151, 43, 568);
INSERT INTO `kelas_mahasiswa` VALUES (152, 43, 569);
INSERT INTO `kelas_mahasiswa` VALUES (153, 43, 570);
INSERT INTO `kelas_mahasiswa` VALUES (154, 43, NULL);
INSERT INTO `kelas_mahasiswa` VALUES (155, 44, 571);
INSERT INTO `kelas_mahasiswa` VALUES (156, 44, 573);
INSERT INTO `kelas_mahasiswa` VALUES (157, 44, 574);
INSERT INTO `kelas_mahasiswa` VALUES (158, 44, 575);
INSERT INTO `kelas_mahasiswa` VALUES (159, 44, 576);
INSERT INTO `kelas_mahasiswa` VALUES (160, 44, 577);
INSERT INTO `kelas_mahasiswa` VALUES (161, 44, 578);
INSERT INTO `kelas_mahasiswa` VALUES (162, 44, 579);
INSERT INTO `kelas_mahasiswa` VALUES (163, 44, 580);
INSERT INTO `kelas_mahasiswa` VALUES (164, 44, 581);
INSERT INTO `kelas_mahasiswa` VALUES (165, 44, 582);
INSERT INTO `kelas_mahasiswa` VALUES (166, 44, 583);
INSERT INTO `kelas_mahasiswa` VALUES (167, 44, 584);
INSERT INTO `kelas_mahasiswa` VALUES (168, 44, 585);
INSERT INTO `kelas_mahasiswa` VALUES (169, 44, 586);
INSERT INTO `kelas_mahasiswa` VALUES (170, 44, 587);
INSERT INTO `kelas_mahasiswa` VALUES (171, 44, 588);
INSERT INTO `kelas_mahasiswa` VALUES (172, 44, 589);
INSERT INTO `kelas_mahasiswa` VALUES (173, 44, 590);
INSERT INTO `kelas_mahasiswa` VALUES (174, 44, 591);
INSERT INTO `kelas_mahasiswa` VALUES (175, 45, 511);
INSERT INTO `kelas_mahasiswa` VALUES (176, 45, 498);
INSERT INTO `kelas_mahasiswa` VALUES (177, 45, 516);
INSERT INTO `kelas_mahasiswa` VALUES (178, 45, 491);
INSERT INTO `kelas_mahasiswa` VALUES (179, 45, 487);
INSERT INTO `kelas_mahasiswa` VALUES (180, 45, 481);
INSERT INTO `kelas_mahasiswa` VALUES (181, 39, 1223);
INSERT INTO `kelas_mahasiswa` VALUES (182, 39, 1224);
INSERT INTO `kelas_mahasiswa` VALUES (183, 39, 1225);
INSERT INTO `kelas_mahasiswa` VALUES (184, 39, 1226);
INSERT INTO `kelas_mahasiswa` VALUES (185, 39, 1227);
INSERT INTO `kelas_mahasiswa` VALUES (186, 39, 1228);
INSERT INTO `kelas_mahasiswa` VALUES (187, 39, 1229);
INSERT INTO `kelas_mahasiswa` VALUES (188, 39, 1230);
INSERT INTO `kelas_mahasiswa` VALUES (189, 39, 1291);
INSERT INTO `kelas_mahasiswa` VALUES (190, 39, 1231);
INSERT INTO `kelas_mahasiswa` VALUES (191, 39, 1232);
INSERT INTO `kelas_mahasiswa` VALUES (192, 39, 1233);
INSERT INTO `kelas_mahasiswa` VALUES (193, 39, 1234);
INSERT INTO `kelas_mahasiswa` VALUES (194, 39, 1235);
INSERT INTO `kelas_mahasiswa` VALUES (195, 39, 1236);
INSERT INTO `kelas_mahasiswa` VALUES (196, 39, 1237);
INSERT INTO `kelas_mahasiswa` VALUES (197, 39, 1238);
INSERT INTO `kelas_mahasiswa` VALUES (198, 39, 1239);
INSERT INTO `kelas_mahasiswa` VALUES (199, 39, 1240);
INSERT INTO `kelas_mahasiswa` VALUES (200, 39, 1241);
INSERT INTO `kelas_mahasiswa` VALUES (201, 39, 1242);
INSERT INTO `kelas_mahasiswa` VALUES (202, 39, 1243);
INSERT INTO `kelas_mahasiswa` VALUES (203, 39, 1244);
INSERT INTO `kelas_mahasiswa` VALUES (204, 39, 1245);
INSERT INTO `kelas_mahasiswa` VALUES (205, 39, 1246);
INSERT INTO `kelas_mahasiswa` VALUES (206, 39, 1247);
INSERT INTO `kelas_mahasiswa` VALUES (207, 39, 1248);
INSERT INTO `kelas_mahasiswa` VALUES (208, 39, 1249);
INSERT INTO `kelas_mahasiswa` VALUES (209, 39, 1250);
INSERT INTO `kelas_mahasiswa` VALUES (210, 39, 1251);
INSERT INTO `kelas_mahasiswa` VALUES (211, 39, 1252);
INSERT INTO `kelas_mahasiswa` VALUES (212, 40, 1253);
INSERT INTO `kelas_mahasiswa` VALUES (213, 40, 1254);
INSERT INTO `kelas_mahasiswa` VALUES (214, 40, 1255);
INSERT INTO `kelas_mahasiswa` VALUES (215, 40, 1256);
INSERT INTO `kelas_mahasiswa` VALUES (216, 40, 1257);
INSERT INTO `kelas_mahasiswa` VALUES (217, 40, 1258);
INSERT INTO `kelas_mahasiswa` VALUES (218, 40, 1259);
INSERT INTO `kelas_mahasiswa` VALUES (219, 40, 1260);
INSERT INTO `kelas_mahasiswa` VALUES (220, 40, 1261);
INSERT INTO `kelas_mahasiswa` VALUES (221, 40, 1262);
INSERT INTO `kelas_mahasiswa` VALUES (222, 40, 1263);
INSERT INTO `kelas_mahasiswa` VALUES (223, 40, 1264);
INSERT INTO `kelas_mahasiswa` VALUES (224, 40, 1265);
INSERT INTO `kelas_mahasiswa` VALUES (225, 40, 1266);
INSERT INTO `kelas_mahasiswa` VALUES (226, 40, 1267);
INSERT INTO `kelas_mahasiswa` VALUES (227, 40, 1268);
INSERT INTO `kelas_mahasiswa` VALUES (228, 40, 1269);
INSERT INTO `kelas_mahasiswa` VALUES (229, 40, 1270);
INSERT INTO `kelas_mahasiswa` VALUES (230, 40, 1271);
INSERT INTO `kelas_mahasiswa` VALUES (231, 40, 1272);
INSERT INTO `kelas_mahasiswa` VALUES (232, 40, 1273);
INSERT INTO `kelas_mahasiswa` VALUES (233, 40, 1274);
INSERT INTO `kelas_mahasiswa` VALUES (234, 40, 1276);
INSERT INTO `kelas_mahasiswa` VALUES (235, 40, 1277);
INSERT INTO `kelas_mahasiswa` VALUES (236, 40, 1278);
INSERT INTO `kelas_mahasiswa` VALUES (237, 40, 1279);
INSERT INTO `kelas_mahasiswa` VALUES (238, 40, 1280);
INSERT INTO `kelas_mahasiswa` VALUES (239, 40, NULL);
INSERT INTO `kelas_mahasiswa` VALUES (240, 41, 1284);
INSERT INTO `kelas_mahasiswa` VALUES (241, 41, 1285);
INSERT INTO `kelas_mahasiswa` VALUES (242, 41, 1286);
INSERT INTO `kelas_mahasiswa` VALUES (243, 41, 1287);
INSERT INTO `kelas_mahasiswa` VALUES (244, 41, 1289);
INSERT INTO `kelas_mahasiswa` VALUES (245, 41, 1282);
INSERT INTO `kelas_mahasiswa` VALUES (246, 38, 1508);
INSERT INTO `kelas_mahasiswa` VALUES (247, 38, 1509);
INSERT INTO `kelas_mahasiswa` VALUES (248, 38, 1510);
INSERT INTO `kelas_mahasiswa` VALUES (249, 38, 1511);
INSERT INTO `kelas_mahasiswa` VALUES (250, 38, 1512);
INSERT INTO `kelas_mahasiswa` VALUES (251, 38, 1513);
INSERT INTO `kelas_mahasiswa` VALUES (252, 38, 1514);
INSERT INTO `kelas_mahasiswa` VALUES (253, 38, 1515);
INSERT INTO `kelas_mahasiswa` VALUES (254, 38, 1516);
INSERT INTO `kelas_mahasiswa` VALUES (255, 38, 1517);
INSERT INTO `kelas_mahasiswa` VALUES (256, 38, 1518);
INSERT INTO `kelas_mahasiswa` VALUES (257, 38, 1519);
INSERT INTO `kelas_mahasiswa` VALUES (258, 38, 1520);
INSERT INTO `kelas_mahasiswa` VALUES (259, 38, 1521);
INSERT INTO `kelas_mahasiswa` VALUES (260, 38, 1522);
INSERT INTO `kelas_mahasiswa` VALUES (261, 38, 1523);
INSERT INTO `kelas_mahasiswa` VALUES (262, 38, 1524);
INSERT INTO `kelas_mahasiswa` VALUES (263, 38, 1525);
INSERT INTO `kelas_mahasiswa` VALUES (264, 38, 1526);
INSERT INTO `kelas_mahasiswa` VALUES (265, 38, 1527);
INSERT INTO `kelas_mahasiswa` VALUES (266, 38, 1528);
INSERT INTO `kelas_mahasiswa` VALUES (267, 38, 1529);
INSERT INTO `kelas_mahasiswa` VALUES (268, 38, 1530);
INSERT INTO `kelas_mahasiswa` VALUES (269, 38, 1531);
INSERT INTO `kelas_mahasiswa` VALUES (270, 38, 1532);
INSERT INTO `kelas_mahasiswa` VALUES (271, 38, 1533);
INSERT INTO `kelas_mahasiswa` VALUES (272, 38, 1535);
INSERT INTO `kelas_mahasiswa` VALUES (273, 38, 1536);
INSERT INTO `kelas_mahasiswa` VALUES (274, 38, 1537);
INSERT INTO `kelas_mahasiswa` VALUES (275, 38, 1538);
INSERT INTO `kelas_mahasiswa` VALUES (276, 38, 1539);
INSERT INTO `kelas_mahasiswa` VALUES (277, 38, 1640);
INSERT INTO `kelas_mahasiswa` VALUES (278, 38, 1641);
INSERT INTO `kelas_mahasiswa` VALUES (279, 38, 1642);
INSERT INTO `kelas_mahasiswa` VALUES (280, 38, 497);
INSERT INTO `kelas_mahasiswa` VALUES (281, 38, 1275);
INSERT INTO `kelas_mahasiswa` VALUES (282, 65, 110);
INSERT INTO `kelas_mahasiswa` VALUES (283, 65, 111);
INSERT INTO `kelas_mahasiswa` VALUES (284, 65, 112);
INSERT INTO `kelas_mahasiswa` VALUES (285, 65, 113);
INSERT INTO `kelas_mahasiswa` VALUES (286, 65, 114);
INSERT INTO `kelas_mahasiswa` VALUES (287, 65, 115);
INSERT INTO `kelas_mahasiswa` VALUES (288, 65, 116);
INSERT INTO `kelas_mahasiswa` VALUES (289, 65, 117);
INSERT INTO `kelas_mahasiswa` VALUES (290, 65, 118);
INSERT INTO `kelas_mahasiswa` VALUES (291, 65, 119);
INSERT INTO `kelas_mahasiswa` VALUES (292, 65, 121);
INSERT INTO `kelas_mahasiswa` VALUES (293, 65, 122);
INSERT INTO `kelas_mahasiswa` VALUES (294, 66, 124);
INSERT INTO `kelas_mahasiswa` VALUES (295, 66, 125);
INSERT INTO `kelas_mahasiswa` VALUES (296, 66, 126);
INSERT INTO `kelas_mahasiswa` VALUES (297, 64, 1109);
INSERT INTO `kelas_mahasiswa` VALUES (298, 64, 1110);
INSERT INTO `kelas_mahasiswa` VALUES (299, 64, 1111);
INSERT INTO `kelas_mahasiswa` VALUES (300, 64, 1112);
INSERT INTO `kelas_mahasiswa` VALUES (301, 64, 1113);
INSERT INTO `kelas_mahasiswa` VALUES (302, 64, 1114);
INSERT INTO `kelas_mahasiswa` VALUES (303, 64, 1115);
INSERT INTO `kelas_mahasiswa` VALUES (304, 64, 1116);
INSERT INTO `kelas_mahasiswa` VALUES (305, 64, 1117);
INSERT INTO `kelas_mahasiswa` VALUES (306, 64, 1118);
INSERT INTO `kelas_mahasiswa` VALUES (307, 64, 1119);
INSERT INTO `kelas_mahasiswa` VALUES (308, 64, 1120);
INSERT INTO `kelas_mahasiswa` VALUES (309, 64, 1121);
INSERT INTO `kelas_mahasiswa` VALUES (310, 64, 1122);
INSERT INTO `kelas_mahasiswa` VALUES (311, 64, 1123);
INSERT INTO `kelas_mahasiswa` VALUES (312, 64, 1124);
INSERT INTO `kelas_mahasiswa` VALUES (313, 64, 1125);
INSERT INTO `kelas_mahasiswa` VALUES (314, 64, 1126);
INSERT INTO `kelas_mahasiswa` VALUES (315, 64, 1127);
INSERT INTO `kelas_mahasiswa` VALUES (316, 64, 1128);
INSERT INTO `kelas_mahasiswa` VALUES (317, 64, 1129);
INSERT INTO `kelas_mahasiswa` VALUES (318, 64, 1130);
INSERT INTO `kelas_mahasiswa` VALUES (319, 64, 1131);
INSERT INTO `kelas_mahasiswa` VALUES (320, 64, 1132);
INSERT INTO `kelas_mahasiswa` VALUES (321, 64, 1133);
INSERT INTO `kelas_mahasiswa` VALUES (322, 64, 1135);
INSERT INTO `kelas_mahasiswa` VALUES (323, 64, 1136);
INSERT INTO `kelas_mahasiswa` VALUES (324, 64, 1139);
INSERT INTO `kelas_mahasiswa` VALUES (325, 64, 1140);
INSERT INTO `kelas_mahasiswa` VALUES (326, 64, 1141);
INSERT INTO `kelas_mahasiswa` VALUES (327, 64, 1295);
INSERT INTO `kelas_mahasiswa` VALUES (328, 62, 1584);
INSERT INTO `kelas_mahasiswa` VALUES (329, 62, 1585);
INSERT INTO `kelas_mahasiswa` VALUES (330, 62, 1586);
INSERT INTO `kelas_mahasiswa` VALUES (331, 62, 1590);
INSERT INTO `kelas_mahasiswa` VALUES (332, 62, 1591);
INSERT INTO `kelas_mahasiswa` VALUES (333, 62, 1593);
INSERT INTO `kelas_mahasiswa` VALUES (334, 62, 1594);
INSERT INTO `kelas_mahasiswa` VALUES (335, 62, 1601);
INSERT INTO `kelas_mahasiswa` VALUES (336, 62, 1602);
INSERT INTO `kelas_mahasiswa` VALUES (337, 62, 1643);
INSERT INTO `kelas_mahasiswa` VALUES (338, 63, 1595);
INSERT INTO `kelas_mahasiswa` VALUES (339, 63, 1596);
INSERT INTO `kelas_mahasiswa` VALUES (340, 63, 1597);
INSERT INTO `kelas_mahasiswa` VALUES (341, 63, 1598);
INSERT INTO `kelas_mahasiswa` VALUES (342, 63, 1599);
INSERT INTO `kelas_mahasiswa` VALUES (343, 63, 1600);
INSERT INTO `kelas_mahasiswa` VALUES (344, 17, 769);
INSERT INTO `kelas_mahasiswa` VALUES (345, 17, 770);
INSERT INTO `kelas_mahasiswa` VALUES (346, 17, 771);
INSERT INTO `kelas_mahasiswa` VALUES (347, 17, 772);
INSERT INTO `kelas_mahasiswa` VALUES (348, 17, 773);
INSERT INTO `kelas_mahasiswa` VALUES (349, 17, 774);
INSERT INTO `kelas_mahasiswa` VALUES (350, 17, 775);
INSERT INTO `kelas_mahasiswa` VALUES (351, 17, 776);
INSERT INTO `kelas_mahasiswa` VALUES (352, 17, 777);
INSERT INTO `kelas_mahasiswa` VALUES (353, 17, 785);
INSERT INTO `kelas_mahasiswa` VALUES (354, 17, 788);
INSERT INTO `kelas_mahasiswa` VALUES (355, 17, 789);
INSERT INTO `kelas_mahasiswa` VALUES (356, 17, 790);
INSERT INTO `kelas_mahasiswa` VALUES (357, 17, 791);
INSERT INTO `kelas_mahasiswa` VALUES (358, 17, 817);
INSERT INTO `kelas_mahasiswa` VALUES (359, 18, 792);
INSERT INTO `kelas_mahasiswa` VALUES (360, 18, 793);
INSERT INTO `kelas_mahasiswa` VALUES (361, 18, 794);
INSERT INTO `kelas_mahasiswa` VALUES (362, 18, 798);
INSERT INTO `kelas_mahasiswa` VALUES (363, 18, 820);
INSERT INTO `kelas_mahasiswa` VALUES (364, 16, 1380);
INSERT INTO `kelas_mahasiswa` VALUES (365, 16, 1381);
INSERT INTO `kelas_mahasiswa` VALUES (366, 16, 1382);
INSERT INTO `kelas_mahasiswa` VALUES (367, 16, 1383);
INSERT INTO `kelas_mahasiswa` VALUES (368, 16, 1384);
INSERT INTO `kelas_mahasiswa` VALUES (369, 16, 1385);
INSERT INTO `kelas_mahasiswa` VALUES (370, 16, 1386);
INSERT INTO `kelas_mahasiswa` VALUES (371, 16, 1388);
INSERT INTO `kelas_mahasiswa` VALUES (372, 50, 148);
INSERT INTO `kelas_mahasiswa` VALUES (373, 50, 149);
INSERT INTO `kelas_mahasiswa` VALUES (374, 50, 596);
INSERT INTO `kelas_mahasiswa` VALUES (375, 50, 152);
INSERT INTO `kelas_mahasiswa` VALUES (376, 50, 153);
INSERT INTO `kelas_mahasiswa` VALUES (377, 50, 597);
INSERT INTO `kelas_mahasiswa` VALUES (378, 50, 598);
INSERT INTO `kelas_mahasiswa` VALUES (379, 50, 156);
INSERT INTO `kelas_mahasiswa` VALUES (380, 50, 157);
INSERT INTO `kelas_mahasiswa` VALUES (381, 50, 158);
INSERT INTO `kelas_mahasiswa` VALUES (382, 50, 600);
INSERT INTO `kelas_mahasiswa` VALUES (383, 50, 601);
INSERT INTO `kelas_mahasiswa` VALUES (384, 50, 602);
INSERT INTO `kelas_mahasiswa` VALUES (385, 50, 603);
INSERT INTO `kelas_mahasiswa` VALUES (386, 50, 159);
INSERT INTO `kelas_mahasiswa` VALUES (387, 50, 604);
INSERT INTO `kelas_mahasiswa` VALUES (388, 50, 605);
INSERT INTO `kelas_mahasiswa` VALUES (389, 50, 606);
INSERT INTO `kelas_mahasiswa` VALUES (390, 50, 607);
INSERT INTO `kelas_mahasiswa` VALUES (391, 50, 608);
INSERT INTO `kelas_mahasiswa` VALUES (392, 50, 609);
INSERT INTO `kelas_mahasiswa` VALUES (393, 50, 610);
INSERT INTO `kelas_mahasiswa` VALUES (394, 50, 611);
INSERT INTO `kelas_mahasiswa` VALUES (395, 50, 612);
INSERT INTO `kelas_mahasiswa` VALUES (396, 50, 2075);
INSERT INTO `kelas_mahasiswa` VALUES (397, 51, 594);
INSERT INTO `kelas_mahasiswa` VALUES (398, 51, 163);
INSERT INTO `kelas_mahasiswa` VALUES (399, 51, 164);
INSERT INTO `kelas_mahasiswa` VALUES (400, 51, 165);
INSERT INTO `kelas_mahasiswa` VALUES (401, 51, 166);
INSERT INTO `kelas_mahasiswa` VALUES (402, 51, 167);
INSERT INTO `kelas_mahasiswa` VALUES (403, 51, 168);
INSERT INTO `kelas_mahasiswa` VALUES (404, 51, 169);
INSERT INTO `kelas_mahasiswa` VALUES (405, 51, 170);
INSERT INTO `kelas_mahasiswa` VALUES (406, 51, 171);
INSERT INTO `kelas_mahasiswa` VALUES (407, 51, 172);
INSERT INTO `kelas_mahasiswa` VALUES (408, 51, 173);
INSERT INTO `kelas_mahasiswa` VALUES (409, 51, 174);
INSERT INTO `kelas_mahasiswa` VALUES (410, 51, 175);
INSERT INTO `kelas_mahasiswa` VALUES (411, 51, 176);
INSERT INTO `kelas_mahasiswa` VALUES (412, 51, 595);
INSERT INTO `kelas_mahasiswa` VALUES (413, 51, 177);
INSERT INTO `kelas_mahasiswa` VALUES (414, 51, 178);
INSERT INTO `kelas_mahasiswa` VALUES (415, 51, 160);
INSERT INTO `kelas_mahasiswa` VALUES (416, 51, 1300);
INSERT INTO `kelas_mahasiswa` VALUES (417, 51, 155);
INSERT INTO `kelas_mahasiswa` VALUES (418, 51, 2118);
INSERT INTO `kelas_mahasiswa` VALUES (419, 51, 161);
INSERT INTO `kelas_mahasiswa` VALUES (420, 48, 1053);
INSERT INTO `kelas_mahasiswa` VALUES (421, 48, 1054);
INSERT INTO `kelas_mahasiswa` VALUES (422, 48, 1055);
INSERT INTO `kelas_mahasiswa` VALUES (423, 48, 1056);
INSERT INTO `kelas_mahasiswa` VALUES (424, 48, 1057);
INSERT INTO `kelas_mahasiswa` VALUES (425, 48, 1058);
INSERT INTO `kelas_mahasiswa` VALUES (426, 48, 1059);
INSERT INTO `kelas_mahasiswa` VALUES (427, 48, 1060);
INSERT INTO `kelas_mahasiswa` VALUES (428, 48, 1061);
INSERT INTO `kelas_mahasiswa` VALUES (429, 48, 1062);
INSERT INTO `kelas_mahasiswa` VALUES (430, 48, 1063);
INSERT INTO `kelas_mahasiswa` VALUES (431, 48, 1065);
INSERT INTO `kelas_mahasiswa` VALUES (432, 48, 1066);
INSERT INTO `kelas_mahasiswa` VALUES (433, 48, 1067);
INSERT INTO `kelas_mahasiswa` VALUES (434, 48, 1068);
INSERT INTO `kelas_mahasiswa` VALUES (435, 48, 1069);
INSERT INTO `kelas_mahasiswa` VALUES (436, 48, 1070);
INSERT INTO `kelas_mahasiswa` VALUES (437, 48, 1071);
INSERT INTO `kelas_mahasiswa` VALUES (438, 48, 1072);
INSERT INTO `kelas_mahasiswa` VALUES (439, 48, 1073);
INSERT INTO `kelas_mahasiswa` VALUES (440, 48, 1074);
INSERT INTO `kelas_mahasiswa` VALUES (441, 48, 1075);
INSERT INTO `kelas_mahasiswa` VALUES (442, 48, 1076);
INSERT INTO `kelas_mahasiswa` VALUES (443, 48, 1077);
INSERT INTO `kelas_mahasiswa` VALUES (444, 48, 1079);
INSERT INTO `kelas_mahasiswa` VALUES (445, 48, 1080);
INSERT INTO `kelas_mahasiswa` VALUES (446, 49, 1082);
INSERT INTO `kelas_mahasiswa` VALUES (447, 49, 1083);
INSERT INTO `kelas_mahasiswa` VALUES (448, 49, 1084);
INSERT INTO `kelas_mahasiswa` VALUES (449, 49, 1085);
INSERT INTO `kelas_mahasiswa` VALUES (450, 49, 1086);
INSERT INTO `kelas_mahasiswa` VALUES (451, 49, 1087);
INSERT INTO `kelas_mahasiswa` VALUES (452, 49, 1088);
INSERT INTO `kelas_mahasiswa` VALUES (453, 49, 1091);
INSERT INTO `kelas_mahasiswa` VALUES (454, 49, 1093);
INSERT INTO `kelas_mahasiswa` VALUES (455, 49, 1078);
INSERT INTO `kelas_mahasiswa` VALUES (456, 46, 1540);
INSERT INTO `kelas_mahasiswa` VALUES (457, 46, 1541);
INSERT INTO `kelas_mahasiswa` VALUES (458, 46, 1542);
INSERT INTO `kelas_mahasiswa` VALUES (459, 46, 1543);
INSERT INTO `kelas_mahasiswa` VALUES (460, 46, 1544);
INSERT INTO `kelas_mahasiswa` VALUES (461, 46, 1545);
INSERT INTO `kelas_mahasiswa` VALUES (462, 46, 1546);
INSERT INTO `kelas_mahasiswa` VALUES (463, 46, 1547);
INSERT INTO `kelas_mahasiswa` VALUES (464, 46, 1548);
INSERT INTO `kelas_mahasiswa` VALUES (465, 46, 1549);
INSERT INTO `kelas_mahasiswa` VALUES (466, 47, 1550);
INSERT INTO `kelas_mahasiswa` VALUES (467, 47, 1551);
INSERT INTO `kelas_mahasiswa` VALUES (468, 47, 1552);
INSERT INTO `kelas_mahasiswa` VALUES (469, 47, 1553);
INSERT INTO `kelas_mahasiswa` VALUES (470, 47, 1554);
INSERT INTO `kelas_mahasiswa` VALUES (471, 47, 1555);
INSERT INTO `kelas_mahasiswa` VALUES (472, 47, 1607);
INSERT INTO `kelas_mahasiswa` VALUES (473, 47, 1621);
INSERT INTO `kelas_mahasiswa` VALUES (474, 54, 127);
INSERT INTO `kelas_mahasiswa` VALUES (475, 54, 613);
INSERT INTO `kelas_mahasiswa` VALUES (476, 54, 614);
INSERT INTO `kelas_mahasiswa` VALUES (477, 54, 615);
INSERT INTO `kelas_mahasiswa` VALUES (478, 54, 129);
INSERT INTO `kelas_mahasiswa` VALUES (479, 54, 130);
INSERT INTO `kelas_mahasiswa` VALUES (480, 54, 616);
INSERT INTO `kelas_mahasiswa` VALUES (481, 54, 131);
INSERT INTO `kelas_mahasiswa` VALUES (482, 54, 617);
INSERT INTO `kelas_mahasiswa` VALUES (483, 54, 132);
INSERT INTO `kelas_mahasiswa` VALUES (484, 54, 133);
INSERT INTO `kelas_mahasiswa` VALUES (485, 54, 619);
INSERT INTO `kelas_mahasiswa` VALUES (486, 54, 621);
INSERT INTO `kelas_mahasiswa` VALUES (487, 54, 622);
INSERT INTO `kelas_mahasiswa` VALUES (488, 53, 1094);
INSERT INTO `kelas_mahasiswa` VALUES (489, 53, 1095);
INSERT INTO `kelas_mahasiswa` VALUES (490, 53, 1097);
INSERT INTO `kelas_mahasiswa` VALUES (491, 53, 1099);
INSERT INTO `kelas_mahasiswa` VALUES (492, 53, 1100);
INSERT INTO `kelas_mahasiswa` VALUES (493, 53, 1101);
INSERT INTO `kelas_mahasiswa` VALUES (494, 53, 1102);
INSERT INTO `kelas_mahasiswa` VALUES (495, 53, 1103);
INSERT INTO `kelas_mahasiswa` VALUES (496, 53, 1104);
INSERT INTO `kelas_mahasiswa` VALUES (497, 53, 1105);
INSERT INTO `kelas_mahasiswa` VALUES (498, 53, 1106);
INSERT INTO `kelas_mahasiswa` VALUES (499, 53, 1107);
INSERT INTO `kelas_mahasiswa` VALUES (500, 53, 1108);
INSERT INTO `kelas_mahasiswa` VALUES (501, 52, 1556);
INSERT INTO `kelas_mahasiswa` VALUES (502, 52, 1557);
INSERT INTO `kelas_mahasiswa` VALUES (503, 52, 1558);
INSERT INTO `kelas_mahasiswa` VALUES (504, 52, 1559);
INSERT INTO `kelas_mahasiswa` VALUES (505, 52, 1560);
INSERT INTO `kelas_mahasiswa` VALUES (506, 52, 1562);
INSERT INTO `kelas_mahasiswa` VALUES (507, 52, 1563);
INSERT INTO `kelas_mahasiswa` VALUES (508, 52, 1644);
INSERT INTO `kelas_mahasiswa` VALUES (509, 52, 1645);
INSERT INTO `kelas_mahasiswa` VALUES (510, 11, 884);
INSERT INTO `kelas_mahasiswa` VALUES (511, 11, 885);
INSERT INTO `kelas_mahasiswa` VALUES (512, 11, 934);
INSERT INTO `kelas_mahasiswa` VALUES (513, 11, 935);
INSERT INTO `kelas_mahasiswa` VALUES (514, 11, 936);
INSERT INTO `kelas_mahasiswa` VALUES (515, 11, 939);
INSERT INTO `kelas_mahasiswa` VALUES (516, 11, 940);
INSERT INTO `kelas_mahasiswa` VALUES (517, 11, 943);
INSERT INTO `kelas_mahasiswa` VALUES (518, 11, 944);
INSERT INTO `kelas_mahasiswa` VALUES (519, 11, 945);
INSERT INTO `kelas_mahasiswa` VALUES (520, 11, 946);
INSERT INTO `kelas_mahasiswa` VALUES (521, 11, 948);
INSERT INTO `kelas_mahasiswa` VALUES (522, 12, 1346);
INSERT INTO `kelas_mahasiswa` VALUES (523, 12, 1347);
INSERT INTO `kelas_mahasiswa` VALUES (524, 12, 1348);
INSERT INTO `kelas_mahasiswa` VALUES (525, 12, 1349);
INSERT INTO `kelas_mahasiswa` VALUES (526, 12, 1350);
INSERT INTO `kelas_mahasiswa` VALUES (527, 12, 1351);
INSERT INTO `kelas_mahasiswa` VALUES (528, 12, 1352);
INSERT INTO `kelas_mahasiswa` VALUES (529, 12, 1353);
INSERT INTO `kelas_mahasiswa` VALUES (530, 12, 1609);
INSERT INTO `kelas_mahasiswa` VALUES (531, 12, 1610);
INSERT INTO `kelas_mahasiswa` VALUES (532, 12, 1691);
INSERT INTO `kelas_mahasiswa` VALUES (533, 22, 996);
INSERT INTO `kelas_mahasiswa` VALUES (534, 22, 997);
INSERT INTO `kelas_mahasiswa` VALUES (535, 22, 998);
INSERT INTO `kelas_mahasiswa` VALUES (536, 22, 999);
INSERT INTO `kelas_mahasiswa` VALUES (537, 22, 1000);
INSERT INTO `kelas_mahasiswa` VALUES (538, 22, 1001);
INSERT INTO `kelas_mahasiswa` VALUES (539, 22, 1002);
INSERT INTO `kelas_mahasiswa` VALUES (540, 22, 1003);
INSERT INTO `kelas_mahasiswa` VALUES (541, 22, 1004);
INSERT INTO `kelas_mahasiswa` VALUES (542, 22, 1005);
INSERT INTO `kelas_mahasiswa` VALUES (543, 22, 1006);
INSERT INTO `kelas_mahasiswa` VALUES (544, 22, 1007);
INSERT INTO `kelas_mahasiswa` VALUES (545, 22, 1008);
INSERT INTO `kelas_mahasiswa` VALUES (546, 22, 1009);
INSERT INTO `kelas_mahasiswa` VALUES (547, 22, 1010);
INSERT INTO `kelas_mahasiswa` VALUES (548, 22, 1012);
INSERT INTO `kelas_mahasiswa` VALUES (549, 22, 1013);
INSERT INTO `kelas_mahasiswa` VALUES (550, 22, 1014);
INSERT INTO `kelas_mahasiswa` VALUES (551, 22, 1143);
INSERT INTO `kelas_mahasiswa` VALUES (552, 22, 1016);
INSERT INTO `kelas_mahasiswa` VALUES (553, 22, 1017);
INSERT INTO `kelas_mahasiswa` VALUES (554, 22, 1018);
INSERT INTO `kelas_mahasiswa` VALUES (555, 22, 1019);
INSERT INTO `kelas_mahasiswa` VALUES (556, 22, 1020);
INSERT INTO `kelas_mahasiswa` VALUES (557, 23, 1021);
INSERT INTO `kelas_mahasiswa` VALUES (558, 23, 1022);
INSERT INTO `kelas_mahasiswa` VALUES (559, 23, 1023);
INSERT INTO `kelas_mahasiswa` VALUES (560, 23, 1024);
INSERT INTO `kelas_mahasiswa` VALUES (561, 23, 1025);
INSERT INTO `kelas_mahasiswa` VALUES (562, 23, 1026);
INSERT INTO `kelas_mahasiswa` VALUES (563, 23, 1027);
INSERT INTO `kelas_mahasiswa` VALUES (564, 23, 1028);
INSERT INTO `kelas_mahasiswa` VALUES (565, 23, 1029);
INSERT INTO `kelas_mahasiswa` VALUES (566, 23, 1030);
INSERT INTO `kelas_mahasiswa` VALUES (567, 23, 1031);
INSERT INTO `kelas_mahasiswa` VALUES (568, 23, 1032);
INSERT INTO `kelas_mahasiswa` VALUES (569, 23, 1033);
INSERT INTO `kelas_mahasiswa` VALUES (570, 23, 1034);
INSERT INTO `kelas_mahasiswa` VALUES (571, 23, 1035);
INSERT INTO `kelas_mahasiswa` VALUES (572, 23, 1036);
INSERT INTO `kelas_mahasiswa` VALUES (573, 23, 1037);
INSERT INTO `kelas_mahasiswa` VALUES (574, 23, 1038);
INSERT INTO `kelas_mahasiswa` VALUES (575, 23, 1039);
INSERT INTO `kelas_mahasiswa` VALUES (576, 23, 1040);
INSERT INTO `kelas_mahasiswa` VALUES (577, 23, 1041);
INSERT INTO `kelas_mahasiswa` VALUES (578, 23, 1042);
INSERT INTO `kelas_mahasiswa` VALUES (579, 23, 1043);
INSERT INTO `kelas_mahasiswa` VALUES (580, 23, 1044);
INSERT INTO `kelas_mahasiswa` VALUES (581, 23, 1045);
INSERT INTO `kelas_mahasiswa` VALUES (582, 23, 1046);
INSERT INTO `kelas_mahasiswa` VALUES (583, 24, 1047);
INSERT INTO `kelas_mahasiswa` VALUES (584, 24, 1049);
INSERT INTO `kelas_mahasiswa` VALUES (585, 24, 1048);
INSERT INTO `kelas_mahasiswa` VALUES (586, 24, 1050);
INSERT INTO `kelas_mahasiswa` VALUES (587, 24, 1051);
INSERT INTO `kelas_mahasiswa` VALUES (588, 24, 1052);
INSERT INTO `kelas_mahasiswa` VALUES (589, 19, 1391);
INSERT INTO `kelas_mahasiswa` VALUES (590, 19, 1393);
INSERT INTO `kelas_mahasiswa` VALUES (591, 19, 1394);
INSERT INTO `kelas_mahasiswa` VALUES (592, 19, 1397);
INSERT INTO `kelas_mahasiswa` VALUES (593, 19, 1400);
INSERT INTO `kelas_mahasiswa` VALUES (594, 19, 1404);
INSERT INTO `kelas_mahasiswa` VALUES (595, 19, 1405);
INSERT INTO `kelas_mahasiswa` VALUES (596, 19, 1406);
INSERT INTO `kelas_mahasiswa` VALUES (597, 19, 1407);
INSERT INTO `kelas_mahasiswa` VALUES (598, 19, 1408);
INSERT INTO `kelas_mahasiswa` VALUES (599, 19, 1409);
INSERT INTO `kelas_mahasiswa` VALUES (600, 19, 1414);
INSERT INTO `kelas_mahasiswa` VALUES (601, 19, 1418);
INSERT INTO `kelas_mahasiswa` VALUES (602, 19, 1419);
INSERT INTO `kelas_mahasiswa` VALUES (603, 19, 1420);
INSERT INTO `kelas_mahasiswa` VALUES (604, 19, 1423);
INSERT INTO `kelas_mahasiswa` VALUES (605, 19, 1424);
INSERT INTO `kelas_mahasiswa` VALUES (606, 19, 1620);
INSERT INTO `kelas_mahasiswa` VALUES (607, 20, 1389);
INSERT INTO `kelas_mahasiswa` VALUES (608, 20, 1390);
INSERT INTO `kelas_mahasiswa` VALUES (609, 20, 1392);
INSERT INTO `kelas_mahasiswa` VALUES (610, 20, 1395);
INSERT INTO `kelas_mahasiswa` VALUES (611, 20, 1398);
INSERT INTO `kelas_mahasiswa` VALUES (612, 20, 1399);
INSERT INTO `kelas_mahasiswa` VALUES (613, 20, 1401);
INSERT INTO `kelas_mahasiswa` VALUES (614, 20, 1402);
INSERT INTO `kelas_mahasiswa` VALUES (615, 20, 1403);
INSERT INTO `kelas_mahasiswa` VALUES (616, 20, 1410);
INSERT INTO `kelas_mahasiswa` VALUES (617, 20, 1411);
INSERT INTO `kelas_mahasiswa` VALUES (618, 20, 1412);
INSERT INTO `kelas_mahasiswa` VALUES (619, 20, 1413);
INSERT INTO `kelas_mahasiswa` VALUES (620, 20, 1415);
INSERT INTO `kelas_mahasiswa` VALUES (621, 20, 1416);
INSERT INTO `kelas_mahasiswa` VALUES (622, 20, 1417);
INSERT INTO `kelas_mahasiswa` VALUES (623, 20, 1421);
INSERT INTO `kelas_mahasiswa` VALUES (624, 20, 1422);
INSERT INTO `kelas_mahasiswa` VALUES (625, 21, 1425);
INSERT INTO `kelas_mahasiswa` VALUES (626, 21, 1426);
INSERT INTO `kelas_mahasiswa` VALUES (627, 21, 1427);
INSERT INTO `kelas_mahasiswa` VALUES (628, 21, 1428);
INSERT INTO `kelas_mahasiswa` VALUES (629, 21, 1429);
INSERT INTO `kelas_mahasiswa` VALUES (630, 9, 821);
INSERT INTO `kelas_mahasiswa` VALUES (631, 9, 822);
INSERT INTO `kelas_mahasiswa` VALUES (632, 9, 823);
INSERT INTO `kelas_mahasiswa` VALUES (633, 9, 824);
INSERT INTO `kelas_mahasiswa` VALUES (634, 9, 825);
INSERT INTO `kelas_mahasiswa` VALUES (635, 9, 826);
INSERT INTO `kelas_mahasiswa` VALUES (636, 9, 827);
INSERT INTO `kelas_mahasiswa` VALUES (637, 9, 829);
INSERT INTO `kelas_mahasiswa` VALUES (638, 9, 830);
INSERT INTO `kelas_mahasiswa` VALUES (639, 9, 831);
INSERT INTO `kelas_mahasiswa` VALUES (640, 9, 832);
INSERT INTO `kelas_mahasiswa` VALUES (641, 9, 833);
INSERT INTO `kelas_mahasiswa` VALUES (642, 9, 834);
INSERT INTO `kelas_mahasiswa` VALUES (643, 9, 835);
INSERT INTO `kelas_mahasiswa` VALUES (644, 9, 837);
INSERT INTO `kelas_mahasiswa` VALUES (645, 9, 838);
INSERT INTO `kelas_mahasiswa` VALUES (646, 10, 839);
INSERT INTO `kelas_mahasiswa` VALUES (647, 10, 854);
INSERT INTO `kelas_mahasiswa` VALUES (648, 10, 873);
INSERT INTO `kelas_mahasiswa` VALUES (649, 10, 874);
INSERT INTO `kelas_mahasiswa` VALUES (650, 10, 875);
INSERT INTO `kelas_mahasiswa` VALUES (651, 10, 876);
INSERT INTO `kelas_mahasiswa` VALUES (652, 10, 878);
INSERT INTO `kelas_mahasiswa` VALUES (653, 10, 879);
INSERT INTO `kelas_mahasiswa` VALUES (654, 10, 880);
INSERT INTO `kelas_mahasiswa` VALUES (655, 10, 881);
INSERT INTO `kelas_mahasiswa` VALUES (656, 10, 883);
INSERT INTO `kelas_mahasiswa` VALUES (657, 10, 1947);
INSERT INTO `kelas_mahasiswa` VALUES (658, 7, 1329);
INSERT INTO `kelas_mahasiswa` VALUES (659, 7, 1331);
INSERT INTO `kelas_mahasiswa` VALUES (660, 7, 1332);
INSERT INTO `kelas_mahasiswa` VALUES (661, 7, 1333);
INSERT INTO `kelas_mahasiswa` VALUES (662, 7, 1334);
INSERT INTO `kelas_mahasiswa` VALUES (663, 7, 1335);
INSERT INTO `kelas_mahasiswa` VALUES (664, 7, 1336);
INSERT INTO `kelas_mahasiswa` VALUES (665, 7, 1337);
INSERT INTO `kelas_mahasiswa` VALUES (666, 7, 1338);
INSERT INTO `kelas_mahasiswa` VALUES (667, 8, 1339);
INSERT INTO `kelas_mahasiswa` VALUES (668, 8, 1340);
INSERT INTO `kelas_mahasiswa` VALUES (669, 8, 1341);
INSERT INTO `kelas_mahasiswa` VALUES (670, 8, 1342);
INSERT INTO `kelas_mahasiswa` VALUES (671, 8, 1343);
INSERT INTO `kelas_mahasiswa` VALUES (672, 8, 1344);
INSERT INTO `kelas_mahasiswa` VALUES (673, 8, 1345);
INSERT INTO `kelas_mahasiswa` VALUES (674, 8, 1619);
INSERT INTO `kelas_mahasiswa` VALUES (675, 8, 1688);
INSERT INTO `kelas_mahasiswa` VALUES (700, 33, 208);
INSERT INTO `kelas_mahasiswa` VALUES (701, 33, 209);
INSERT INTO `kelas_mahasiswa` VALUES (702, 33, 288);
INSERT INTO `kelas_mahasiswa` VALUES (703, 33, 211);
INSERT INTO `kelas_mahasiswa` VALUES (704, 33, 289);
INSERT INTO `kelas_mahasiswa` VALUES (705, 33, 291);
INSERT INTO `kelas_mahasiswa` VALUES (706, 33, 292);
INSERT INTO `kelas_mahasiswa` VALUES (707, 33, 226);
INSERT INTO `kelas_mahasiswa` VALUES (708, 33, 228);
INSERT INTO `kelas_mahasiswa` VALUES (709, 33, 223);
INSERT INTO `kelas_mahasiswa` VALUES (710, 33, 297);
INSERT INTO `kelas_mahasiswa` VALUES (711, 33, 185);
INSERT INTO `kelas_mahasiswa` VALUES (712, 33, 181);
INSERT INTO `kelas_mahasiswa` VALUES (713, 33, 298);
INSERT INTO `kelas_mahasiswa` VALUES (714, 33, 299);
INSERT INTO `kelas_mahasiswa` VALUES (715, 33, 300);
INSERT INTO `kelas_mahasiswa` VALUES (716, 33, 301);
INSERT INTO `kelas_mahasiswa` VALUES (717, 33, 191);
INSERT INTO `kelas_mahasiswa` VALUES (718, 33, 196);
INSERT INTO `kelas_mahasiswa` VALUES (719, 33, 197);
INSERT INTO `kelas_mahasiswa` VALUES (720, 33, 302);
INSERT INTO `kelas_mahasiswa` VALUES (721, 33, 204);
INSERT INTO `kelas_mahasiswa` VALUES (722, 33, 205);
INSERT INTO `kelas_mahasiswa` VALUES (723, 33, 303);
INSERT INTO `kelas_mahasiswa` VALUES (724, 33, 1741);
INSERT INTO `kelas_mahasiswa` VALUES (725, 34, 308);
INSERT INTO `kelas_mahasiswa` VALUES (726, 34, 213);
INSERT INTO `kelas_mahasiswa` VALUES (727, 34, 309);
INSERT INTO `kelas_mahasiswa` VALUES (728, 34, 221);
INSERT INTO `kelas_mahasiswa` VALUES (729, 34, 311);
INSERT INTO `kelas_mahasiswa` VALUES (730, 34, 229);
INSERT INTO `kelas_mahasiswa` VALUES (731, 34, 230);
INSERT INTO `kelas_mahasiswa` VALUES (732, 34, 231);
INSERT INTO `kelas_mahasiswa` VALUES (733, 34, 312);
INSERT INTO `kelas_mahasiswa` VALUES (734, 34, 183);
INSERT INTO `kelas_mahasiswa` VALUES (735, 34, 182);
INSERT INTO `kelas_mahasiswa` VALUES (736, 34, 313);
INSERT INTO `kelas_mahasiswa` VALUES (737, 34, 314);
INSERT INTO `kelas_mahasiswa` VALUES (738, 34, 315);
INSERT INTO `kelas_mahasiswa` VALUES (739, 34, 187);
INSERT INTO `kelas_mahasiswa` VALUES (740, 34, 194);
INSERT INTO `kelas_mahasiswa` VALUES (741, 34, 316);
INSERT INTO `kelas_mahasiswa` VALUES (742, 34, 199);
INSERT INTO `kelas_mahasiswa` VALUES (743, 34, 200);
INSERT INTO `kelas_mahasiswa` VALUES (744, 34, 206);
INSERT INTO `kelas_mahasiswa` VALUES (745, 35, 268);
INSERT INTO `kelas_mahasiswa` VALUES (746, 35, 210);
INSERT INTO `kelas_mahasiswa` VALUES (747, 35, 269);
INSERT INTO `kelas_mahasiswa` VALUES (748, 35, 218);
INSERT INTO `kelas_mahasiswa` VALUES (749, 35, 270);
INSERT INTO `kelas_mahasiswa` VALUES (750, 35, 220);
INSERT INTO `kelas_mahasiswa` VALUES (751, 35, 271);
INSERT INTO `kelas_mahasiswa` VALUES (752, 35, 222);
INSERT INTO `kelas_mahasiswa` VALUES (753, 35, 272);
INSERT INTO `kelas_mahasiswa` VALUES (754, 35, 186);
INSERT INTO `kelas_mahasiswa` VALUES (755, 35, 273);
INSERT INTO `kelas_mahasiswa` VALUES (756, 35, 190);
INSERT INTO `kelas_mahasiswa` VALUES (757, 35, 274);
INSERT INTO `kelas_mahasiswa` VALUES (758, 35, 275);
INSERT INTO `kelas_mahasiswa` VALUES (759, 35, 276);
INSERT INTO `kelas_mahasiswa` VALUES (760, 35, 278);
INSERT INTO `kelas_mahasiswa` VALUES (761, 35, 279);
INSERT INTO `kelas_mahasiswa` VALUES (762, 35, 201);
INSERT INTO `kelas_mahasiswa` VALUES (763, 35, 281);
INSERT INTO `kelas_mahasiswa` VALUES (764, 35, 283);
INSERT INTO `kelas_mahasiswa` VALUES (765, 35, 295);
INSERT INTO `kelas_mahasiswa` VALUES (766, 35, 284);
INSERT INTO `kelas_mahasiswa` VALUES (767, 35, 593);
INSERT INTO `kelas_mahasiswa` VALUES (768, 36, 632);
INSERT INTO `kelas_mahasiswa` VALUES (769, 36, 633);
INSERT INTO `kelas_mahasiswa` VALUES (770, 36, 634);
INSERT INTO `kelas_mahasiswa` VALUES (771, 36, 635);
INSERT INTO `kelas_mahasiswa` VALUES (772, 36, 639);
INSERT INTO `kelas_mahasiswa` VALUES (773, 36, 216);
INSERT INTO `kelas_mahasiswa` VALUES (774, 36, 642);
INSERT INTO `kelas_mahasiswa` VALUES (775, 36, 647);
INSERT INTO `kelas_mahasiswa` VALUES (776, 36, 650);
INSERT INTO `kelas_mahasiswa` VALUES (777, 36, 296);
INSERT INTO `kelas_mahasiswa` VALUES (778, 36, 184);
INSERT INTO `kelas_mahasiswa` VALUES (779, 36, 654);
INSERT INTO `kelas_mahasiswa` VALUES (780, 36, 656);
INSERT INTO `kelas_mahasiswa` VALUES (781, 36, 657);
INSERT INTO `kelas_mahasiswa` VALUES (782, 36, 658);
INSERT INTO `kelas_mahasiswa` VALUES (783, 36, 659);
INSERT INTO `kelas_mahasiswa` VALUES (784, 36, 661);
INSERT INTO `kelas_mahasiswa` VALUES (785, 37, 384);
INSERT INTO `kelas_mahasiswa` VALUES (786, 37, 386);
INSERT INTO `kelas_mahasiswa` VALUES (787, 37, 387);
INSERT INTO `kelas_mahasiswa` VALUES (788, 37, 390);
INSERT INTO `kelas_mahasiswa` VALUES (789, 37, 393);
INSERT INTO `kelas_mahasiswa` VALUES (790, 37, 395);
INSERT INTO `kelas_mahasiswa` VALUES (791, 37, 397);
INSERT INTO `kelas_mahasiswa` VALUES (792, 37, 398);
INSERT INTO `kelas_mahasiswa` VALUES (793, 37, 399);
INSERT INTO `kelas_mahasiswa` VALUES (794, 37, 400);
INSERT INTO `kelas_mahasiswa` VALUES (795, 37, 402);
INSERT INTO `kelas_mahasiswa` VALUES (796, 37, 405);
INSERT INTO `kelas_mahasiswa` VALUES (797, 37, 404);
INSERT INTO `kelas_mahasiswa` VALUES (798, 37, 408);
INSERT INTO `kelas_mahasiswa` VALUES (799, 37, 410);
INSERT INTO `kelas_mahasiswa` VALUES (800, 37, 217);
INSERT INTO `kelas_mahasiswa` VALUES (801, 37, 193);
INSERT INTO `kelas_mahasiswa` VALUES (802, 37, 225);
INSERT INTO `kelas_mahasiswa` VALUES (803, 28, 778);
INSERT INTO `kelas_mahasiswa` VALUES (804, 28, 779);
INSERT INTO `kelas_mahasiswa` VALUES (805, 28, 781);
INSERT INTO `kelas_mahasiswa` VALUES (806, 28, 782);
INSERT INTO `kelas_mahasiswa` VALUES (807, 28, 783);
INSERT INTO `kelas_mahasiswa` VALUES (808, 28, 784);
INSERT INTO `kelas_mahasiswa` VALUES (809, 28, 786);
INSERT INTO `kelas_mahasiswa` VALUES (810, 28, 787);
INSERT INTO `kelas_mahasiswa` VALUES (811, 28, 795);
INSERT INTO `kelas_mahasiswa` VALUES (812, 28, 796);
INSERT INTO `kelas_mahasiswa` VALUES (813, 28, 797);
INSERT INTO `kelas_mahasiswa` VALUES (814, 28, 799);
INSERT INTO `kelas_mahasiswa` VALUES (815, 28, 800);
INSERT INTO `kelas_mahasiswa` VALUES (816, 28, 801);
INSERT INTO `kelas_mahasiswa` VALUES (817, 28, 802);
INSERT INTO `kelas_mahasiswa` VALUES (818, 28, 804);
INSERT INTO `kelas_mahasiswa` VALUES (819, 28, 805);
INSERT INTO `kelas_mahasiswa` VALUES (820, 28, 806);
INSERT INTO `kelas_mahasiswa` VALUES (821, 28, 807);
INSERT INTO `kelas_mahasiswa` VALUES (822, 28, 808);
INSERT INTO `kelas_mahasiswa` VALUES (823, 28, 809);
INSERT INTO `kelas_mahasiswa` VALUES (824, 28, 810);
INSERT INTO `kelas_mahasiswa` VALUES (825, 28, 812);
INSERT INTO `kelas_mahasiswa` VALUES (826, 28, 813);
INSERT INTO `kelas_mahasiswa` VALUES (827, 28, 814);
INSERT INTO `kelas_mahasiswa` VALUES (828, 28, 815);
INSERT INTO `kelas_mahasiswa` VALUES (829, 28, 816);
INSERT INTO `kelas_mahasiswa` VALUES (830, 28, 818);
INSERT INTO `kelas_mahasiswa` VALUES (831, 28, 819);
INSERT INTO `kelas_mahasiswa` VALUES (832, 29, 840);
INSERT INTO `kelas_mahasiswa` VALUES (833, 29, 841);
INSERT INTO `kelas_mahasiswa` VALUES (834, 29, 843);
INSERT INTO `kelas_mahasiswa` VALUES (835, 29, 844);
INSERT INTO `kelas_mahasiswa` VALUES (836, 29, 845);
INSERT INTO `kelas_mahasiswa` VALUES (837, 29, 846);
INSERT INTO `kelas_mahasiswa` VALUES (838, 29, 847);
INSERT INTO `kelas_mahasiswa` VALUES (839, 29, 848);
INSERT INTO `kelas_mahasiswa` VALUES (840, 29, 849);
INSERT INTO `kelas_mahasiswa` VALUES (841, 29, 850);
INSERT INTO `kelas_mahasiswa` VALUES (842, 29, 851);
INSERT INTO `kelas_mahasiswa` VALUES (843, 29, 852);
INSERT INTO `kelas_mahasiswa` VALUES (844, 29, 853);
INSERT INTO `kelas_mahasiswa` VALUES (845, 29, 855);
INSERT INTO `kelas_mahasiswa` VALUES (846, 29, 856);
INSERT INTO `kelas_mahasiswa` VALUES (847, 29, 857);
INSERT INTO `kelas_mahasiswa` VALUES (848, 29, 858);
INSERT INTO `kelas_mahasiswa` VALUES (849, 29, 860);
INSERT INTO `kelas_mahasiswa` VALUES (850, 29, 861);
INSERT INTO `kelas_mahasiswa` VALUES (851, 29, 862);
INSERT INTO `kelas_mahasiswa` VALUES (852, 29, 863);
INSERT INTO `kelas_mahasiswa` VALUES (853, 29, 864);
INSERT INTO `kelas_mahasiswa` VALUES (854, 29, 865);
INSERT INTO `kelas_mahasiswa` VALUES (855, 29, 866);
INSERT INTO `kelas_mahasiswa` VALUES (856, 29, 867);
INSERT INTO `kelas_mahasiswa` VALUES (857, 29, 868);
INSERT INTO `kelas_mahasiswa` VALUES (858, 29, 869);
INSERT INTO `kelas_mahasiswa` VALUES (859, 29, 870);
INSERT INTO `kelas_mahasiswa` VALUES (860, 30, 872);
INSERT INTO `kelas_mahasiswa` VALUES (861, 30, 886);
INSERT INTO `kelas_mahasiswa` VALUES (862, 30, 887);
INSERT INTO `kelas_mahasiswa` VALUES (863, 30, 888);
INSERT INTO `kelas_mahasiswa` VALUES (864, 30, 889);
INSERT INTO `kelas_mahasiswa` VALUES (865, 30, 890);
INSERT INTO `kelas_mahasiswa` VALUES (866, 30, 891);
INSERT INTO `kelas_mahasiswa` VALUES (867, 30, 892);
INSERT INTO `kelas_mahasiswa` VALUES (868, 30, 893);
INSERT INTO `kelas_mahasiswa` VALUES (869, 30, 894);
INSERT INTO `kelas_mahasiswa` VALUES (870, 30, 895);
INSERT INTO `kelas_mahasiswa` VALUES (871, 30, 896);
INSERT INTO `kelas_mahasiswa` VALUES (872, 30, 897);
INSERT INTO `kelas_mahasiswa` VALUES (873, 30, 898);
INSERT INTO `kelas_mahasiswa` VALUES (874, 30, 899);
INSERT INTO `kelas_mahasiswa` VALUES (875, 30, 900);
INSERT INTO `kelas_mahasiswa` VALUES (876, 30, 901);
INSERT INTO `kelas_mahasiswa` VALUES (877, 30, 902);
INSERT INTO `kelas_mahasiswa` VALUES (878, 30, 903);
INSERT INTO `kelas_mahasiswa` VALUES (879, 30, 904);
INSERT INTO `kelas_mahasiswa` VALUES (880, 30, 905);
INSERT INTO `kelas_mahasiswa` VALUES (881, 30, 906);
INSERT INTO `kelas_mahasiswa` VALUES (882, 30, 907);
INSERT INTO `kelas_mahasiswa` VALUES (883, 30, 908);
INSERT INTO `kelas_mahasiswa` VALUES (884, 30, 909);
INSERT INTO `kelas_mahasiswa` VALUES (885, 30, 912);
INSERT INTO `kelas_mahasiswa` VALUES (886, 30, 913);
INSERT INTO `kelas_mahasiswa` VALUES (887, 30, 914);
INSERT INTO `kelas_mahasiswa` VALUES (888, 31, 915);
INSERT INTO `kelas_mahasiswa` VALUES (889, 31, 916);
INSERT INTO `kelas_mahasiswa` VALUES (890, 31, 921);
INSERT INTO `kelas_mahasiswa` VALUES (891, 31, 923);
INSERT INTO `kelas_mahasiswa` VALUES (892, 31, 926);
INSERT INTO `kelas_mahasiswa` VALUES (893, 31, 927);
INSERT INTO `kelas_mahasiswa` VALUES (894, 31, 928);
INSERT INTO `kelas_mahasiswa` VALUES (895, 31, 929);
INSERT INTO `kelas_mahasiswa` VALUES (896, 31, 931);
INSERT INTO `kelas_mahasiswa` VALUES (897, 31, 811);
INSERT INTO `kelas_mahasiswa` VALUES (898, 31, 859);
INSERT INTO `kelas_mahasiswa` VALUES (899, 31, 1294);
INSERT INTO `kelas_mahasiswa` VALUES (900, 25, 1457);
INSERT INTO `kelas_mahasiswa` VALUES (901, 25, 1458);
INSERT INTO `kelas_mahasiswa` VALUES (902, 25, 1461);
INSERT INTO `kelas_mahasiswa` VALUES (903, 25, 1464);
INSERT INTO `kelas_mahasiswa` VALUES (904, 25, 1467);
INSERT INTO `kelas_mahasiswa` VALUES (905, 25, 1468);
INSERT INTO `kelas_mahasiswa` VALUES (906, 25, 1474);
INSERT INTO `kelas_mahasiswa` VALUES (907, 25, 1477);
INSERT INTO `kelas_mahasiswa` VALUES (908, 25, 1478);
INSERT INTO `kelas_mahasiswa` VALUES (909, 25, 1481);
INSERT INTO `kelas_mahasiswa` VALUES (910, 25, 1482);
INSERT INTO `kelas_mahasiswa` VALUES (911, 25, 1485);
INSERT INTO `kelas_mahasiswa` VALUES (912, 25, 1486);
INSERT INTO `kelas_mahasiswa` VALUES (913, 25, 1490);
INSERT INTO `kelas_mahasiswa` VALUES (914, 25, 1493);
INSERT INTO `kelas_mahasiswa` VALUES (915, 25, 1494);
INSERT INTO `kelas_mahasiswa` VALUES (916, 25, 1496);
INSERT INTO `kelas_mahasiswa` VALUES (917, 25, 1497);
INSERT INTO `kelas_mahasiswa` VALUES (918, 25, 1639);
INSERT INTO `kelas_mahasiswa` VALUES (919, 26, 1459);
INSERT INTO `kelas_mahasiswa` VALUES (920, 26, 1460);
INSERT INTO `kelas_mahasiswa` VALUES (921, 26, 1462);
INSERT INTO `kelas_mahasiswa` VALUES (922, 26, 1463);
INSERT INTO `kelas_mahasiswa` VALUES (923, 26, 1465);
INSERT INTO `kelas_mahasiswa` VALUES (924, 26, 1469);
INSERT INTO `kelas_mahasiswa` VALUES (925, 26, 1470);
INSERT INTO `kelas_mahasiswa` VALUES (926, 26, 1472);
INSERT INTO `kelas_mahasiswa` VALUES (927, 26, 1473);
INSERT INTO `kelas_mahasiswa` VALUES (928, 26, 1475);
INSERT INTO `kelas_mahasiswa` VALUES (929, 26, 1476);
INSERT INTO `kelas_mahasiswa` VALUES (930, 26, 1479);
INSERT INTO `kelas_mahasiswa` VALUES (931, 26, 1480);
INSERT INTO `kelas_mahasiswa` VALUES (932, 26, 1483);
INSERT INTO `kelas_mahasiswa` VALUES (933, 26, 1484);
INSERT INTO `kelas_mahasiswa` VALUES (934, 26, 1487);
INSERT INTO `kelas_mahasiswa` VALUES (935, 26, 1488);
INSERT INTO `kelas_mahasiswa` VALUES (936, 26, 1491);
INSERT INTO `kelas_mahasiswa` VALUES (937, 26, 1492);
INSERT INTO `kelas_mahasiswa` VALUES (938, 26, 1495);
INSERT INTO `kelas_mahasiswa` VALUES (939, 27, 1498);
INSERT INTO `kelas_mahasiswa` VALUES (940, 27, 1499);
INSERT INTO `kelas_mahasiswa` VALUES (941, 27, 1500);
INSERT INTO `kelas_mahasiswa` VALUES (942, 27, 1501);
INSERT INTO `kelas_mahasiswa` VALUES (943, 27, 1502);
INSERT INTO `kelas_mahasiswa` VALUES (944, 27, 1503);
INSERT INTO `kelas_mahasiswa` VALUES (945, 27, 1504);
INSERT INTO `kelas_mahasiswa` VALUES (946, 27, 1505);
INSERT INTO `kelas_mahasiswa` VALUES (947, 27, 1612);
INSERT INTO `kelas_mahasiswa` VALUES (948, 27, 1613);
INSERT INTO `kelas_mahasiswa` VALUES (949, 27, 1471);
INSERT INTO `kelas_mahasiswa` VALUES (950, 27, 1756);
INSERT INTO `kelas_mahasiswa` VALUES (951, 6, 662);
INSERT INTO `kelas_mahasiswa` VALUES (952, 6, 663);
INSERT INTO `kelas_mahasiswa` VALUES (953, 6, 664);
INSERT INTO `kelas_mahasiswa` VALUES (954, 6, 665);
INSERT INTO `kelas_mahasiswa` VALUES (955, 6, 666);
INSERT INTO `kelas_mahasiswa` VALUES (956, 6, 667);
INSERT INTO `kelas_mahasiswa` VALUES (957, 6, 668);
INSERT INTO `kelas_mahasiswa` VALUES (958, 6, 669);
INSERT INTO `kelas_mahasiswa` VALUES (959, 6, 671);
INSERT INTO `kelas_mahasiswa` VALUES (960, 6, 672);
INSERT INTO `kelas_mahasiswa` VALUES (961, 6, 674);
INSERT INTO `kelas_mahasiswa` VALUES (962, 6, 675);
INSERT INTO `kelas_mahasiswa` VALUES (963, 6, 676);
INSERT INTO `kelas_mahasiswa` VALUES (964, 6, 677);
INSERT INTO `kelas_mahasiswa` VALUES (965, 6, 679);
INSERT INTO `kelas_mahasiswa` VALUES (966, 6, 680);
INSERT INTO `kelas_mahasiswa` VALUES (967, 6, 681);
INSERT INTO `kelas_mahasiswa` VALUES (968, 6, 682);
INSERT INTO `kelas_mahasiswa` VALUES (969, 6, 683);
INSERT INTO `kelas_mahasiswa` VALUES (970, 6, 684);
INSERT INTO `kelas_mahasiswa` VALUES (971, 6, 685);
INSERT INTO `kelas_mahasiswa` VALUES (972, 6, 686);
INSERT INTO `kelas_mahasiswa` VALUES (973, 6, 687);
INSERT INTO `kelas_mahasiswa` VALUES (974, 6, 688);
INSERT INTO `kelas_mahasiswa` VALUES (975, 6, 689);
INSERT INTO `kelas_mahasiswa` VALUES (976, 6, 691);
INSERT INTO `kelas_mahasiswa` VALUES (977, 5, 1319);
INSERT INTO `kelas_mahasiswa` VALUES (978, 5, 1320);
INSERT INTO `kelas_mahasiswa` VALUES (979, 5, 1321);
INSERT INTO `kelas_mahasiswa` VALUES (980, 5, 1322);
INSERT INTO `kelas_mahasiswa` VALUES (981, 5, 1323);
INSERT INTO `kelas_mahasiswa` VALUES (982, 5, 1324);
INSERT INTO `kelas_mahasiswa` VALUES (983, 5, 1325);
INSERT INTO `kelas_mahasiswa` VALUES (984, 5, 1326);
INSERT INTO `kelas_mahasiswa` VALUES (985, 5, 1327);
INSERT INTO `kelas_mahasiswa` VALUES (986, 5, 1328);
INSERT INTO `kelas_mahasiswa` VALUES (987, 5, 1604);
INSERT INTO `kelas_mahasiswa` VALUES (988, 5, 1605);
INSERT INTO `kelas_mahasiswa` VALUES (989, 5, 1649);
INSERT INTO `kelas_mahasiswa` VALUES (990, 5, 1650);
INSERT INTO `kelas_mahasiswa` VALUES (991, 5, 1654);
INSERT INTO `kelas_mahasiswa` VALUES (992, 5, 1655);
INSERT INTO `kelas_mahasiswa` VALUES (993, 5, 1657);
INSERT INTO `kelas_mahasiswa` VALUES (994, 5, 1658);
INSERT INTO `kelas_mahasiswa` VALUES (995, 5, 1659);
INSERT INTO `kelas_mahasiswa` VALUES (996, 5, 1661);
INSERT INTO `kelas_mahasiswa` VALUES (997, 5, 1662);
INSERT INTO `kelas_mahasiswa` VALUES (998, 5, 1663);
INSERT INTO `kelas_mahasiswa` VALUES (999, 5, 1664);
INSERT INTO `kelas_mahasiswa` VALUES (1000, 5, 1665);
INSERT INTO `kelas_mahasiswa` VALUES (1001, 5, 1666);
INSERT INTO `kelas_mahasiswa` VALUES (1002, 5, 1670);
INSERT INTO `kelas_mahasiswa` VALUES (1003, 5, 1689);
INSERT INTO `kelas_mahasiswa` VALUES (1004, 5, 1690);
INSERT INTO `kelas_mahasiswa` VALUES (1005, 3, 730);
INSERT INTO `kelas_mahasiswa` VALUES (1006, 3, 731);
INSERT INTO `kelas_mahasiswa` VALUES (1007, 3, 732);
INSERT INTO `kelas_mahasiswa` VALUES (1008, 3, 733);
INSERT INTO `kelas_mahasiswa` VALUES (1009, 3, 734);
INSERT INTO `kelas_mahasiswa` VALUES (1010, 3, 735);
INSERT INTO `kelas_mahasiswa` VALUES (1011, 3, 736);
INSERT INTO `kelas_mahasiswa` VALUES (1012, 3, 737);
INSERT INTO `kelas_mahasiswa` VALUES (1013, 3, 738);
INSERT INTO `kelas_mahasiswa` VALUES (1014, 3, 739);
INSERT INTO `kelas_mahasiswa` VALUES (1015, 3, 740);
INSERT INTO `kelas_mahasiswa` VALUES (1016, 3, 741);
INSERT INTO `kelas_mahasiswa` VALUES (1017, 3, 742);
INSERT INTO `kelas_mahasiswa` VALUES (1018, 3, 743);
INSERT INTO `kelas_mahasiswa` VALUES (1019, 3, 744);
INSERT INTO `kelas_mahasiswa` VALUES (1020, 3, 745);
INSERT INTO `kelas_mahasiswa` VALUES (1021, 3, 746);
INSERT INTO `kelas_mahasiswa` VALUES (1022, 3, 747);
INSERT INTO `kelas_mahasiswa` VALUES (1023, 3, 748);
INSERT INTO `kelas_mahasiswa` VALUES (1024, 3, 750);
INSERT INTO `kelas_mahasiswa` VALUES (1025, 3, 751);
INSERT INTO `kelas_mahasiswa` VALUES (1026, 3, 752);
INSERT INTO `kelas_mahasiswa` VALUES (1027, 3, 753);
INSERT INTO `kelas_mahasiswa` VALUES (1028, 3, 754);
INSERT INTO `kelas_mahasiswa` VALUES (1029, 3, 755);
INSERT INTO `kelas_mahasiswa` VALUES (1030, 3, 756);
INSERT INTO `kelas_mahasiswa` VALUES (1031, 3, 757);
INSERT INTO `kelas_mahasiswa` VALUES (1032, 3, 758);
INSERT INTO `kelas_mahasiswa` VALUES (1033, 3, 759);
INSERT INTO `kelas_mahasiswa` VALUES (1034, 3, 760);
INSERT INTO `kelas_mahasiswa` VALUES (1035, 3, 762);
INSERT INTO `kelas_mahasiswa` VALUES (1036, 3, 763);
INSERT INTO `kelas_mahasiswa` VALUES (1037, 3, 764);
INSERT INTO `kelas_mahasiswa` VALUES (1038, 3, 765);
INSERT INTO `kelas_mahasiswa` VALUES (1039, 3, 766);
INSERT INTO `kelas_mahasiswa` VALUES (1040, 3, 767);
INSERT INTO `kelas_mahasiswa` VALUES (1041, 3, 768);
INSERT INTO `kelas_mahasiswa` VALUES (1042, 4, 1307);
INSERT INTO `kelas_mahasiswa` VALUES (1043, 4, 1308);
INSERT INTO `kelas_mahasiswa` VALUES (1044, 4, 1309);
INSERT INTO `kelas_mahasiswa` VALUES (1045, 4, 1310);
INSERT INTO `kelas_mahasiswa` VALUES (1046, 4, 1311);
INSERT INTO `kelas_mahasiswa` VALUES (1047, 4, 1312);
INSERT INTO `kelas_mahasiswa` VALUES (1048, 4, 1313);
INSERT INTO `kelas_mahasiswa` VALUES (1049, 4, 1314);
INSERT INTO `kelas_mahasiswa` VALUES (1050, 4, 1315);
INSERT INTO `kelas_mahasiswa` VALUES (1051, 4, 1316);
INSERT INTO `kelas_mahasiswa` VALUES (1052, 4, 1317);
INSERT INTO `kelas_mahasiswa` VALUES (1053, 4, 1318);
INSERT INTO `kelas_mahasiswa` VALUES (1054, 4, 1603);
INSERT INTO `kelas_mahasiswa` VALUES (1055, 4, 1672);
INSERT INTO `kelas_mahasiswa` VALUES (1056, 4, 1673);
INSERT INTO `kelas_mahasiswa` VALUES (1057, 4, 1676);
INSERT INTO `kelas_mahasiswa` VALUES (1058, 4, 1682);
INSERT INTO `kelas_mahasiswa` VALUES (1059, 4, 1683);
INSERT INTO `kelas_mahasiswa` VALUES (1060, 4, 1684);
INSERT INTO `kelas_mahasiswa` VALUES (1061, 4, 1686);
INSERT INTO `kelas_mahasiswa` VALUES (1062, 4, 134);
INSERT INTO `kelas_mahasiswa` VALUES (1063, 59, 442);
INSERT INTO `kelas_mahasiswa` VALUES (1064, 59, 443);
INSERT INTO `kelas_mahasiswa` VALUES (1065, 59, 444);
INSERT INTO `kelas_mahasiswa` VALUES (1066, 59, 445);
INSERT INTO `kelas_mahasiswa` VALUES (1067, 59, 447);
INSERT INTO `kelas_mahasiswa` VALUES (1068, 59, 454);
INSERT INTO `kelas_mahasiswa` VALUES (1069, 59, 457);
INSERT INTO `kelas_mahasiswa` VALUES (1070, 59, 461);
INSERT INTO `kelas_mahasiswa` VALUES (1071, 59, 467);
INSERT INTO `kelas_mahasiswa` VALUES (1072, 59, 469);
INSERT INTO `kelas_mahasiswa` VALUES (1073, 59, 472);
INSERT INTO `kelas_mahasiswa` VALUES (1074, 59, 473);
INSERT INTO `kelas_mahasiswa` VALUES (1075, 59, 474);
INSERT INTO `kelas_mahasiswa` VALUES (1076, 59, 475);
INSERT INTO `kelas_mahasiswa` VALUES (1077, 59, 476);
INSERT INTO `kelas_mahasiswa` VALUES (1078, 59, 477);
INSERT INTO `kelas_mahasiswa` VALUES (1079, 59, 479);
INSERT INTO `kelas_mahasiswa` VALUES (1080, 60, 517);
INSERT INTO `kelas_mahasiswa` VALUES (1081, 60, 526);
INSERT INTO `kelas_mahasiswa` VALUES (1082, 60, 518);
INSERT INTO `kelas_mahasiswa` VALUES (1083, 60, 527);
INSERT INTO `kelas_mahasiswa` VALUES (1084, 60, 528);
INSERT INTO `kelas_mahasiswa` VALUES (1085, 60, 519);
INSERT INTO `kelas_mahasiswa` VALUES (1086, 60, 530);
INSERT INTO `kelas_mahasiswa` VALUES (1087, 60, 531);
INSERT INTO `kelas_mahasiswa` VALUES (1088, 60, 520);
INSERT INTO `kelas_mahasiswa` VALUES (1089, 60, 532);
INSERT INTO `kelas_mahasiswa` VALUES (1090, 60, 521);
INSERT INTO `kelas_mahasiswa` VALUES (1091, 60, 522);
INSERT INTO `kelas_mahasiswa` VALUES (1092, 60, 533);
INSERT INTO `kelas_mahasiswa` VALUES (1093, 60, 524);
INSERT INTO `kelas_mahasiswa` VALUES (1094, 60, 523);
INSERT INTO `kelas_mahasiswa` VALUES (1095, 60, 535);
INSERT INTO `kelas_mahasiswa` VALUES (1096, 60, 525);
INSERT INTO `kelas_mahasiswa` VALUES (1097, 60, 537);
INSERT INTO `kelas_mahasiswa` VALUES (1098, 60, 538);
INSERT INTO `kelas_mahasiswa` VALUES (1099, 60, 540);
INSERT INTO `kelas_mahasiswa` VALUES (1100, 61, 541);
INSERT INTO `kelas_mahasiswa` VALUES (1101, 61, 543);
INSERT INTO `kelas_mahasiswa` VALUES (1102, 61, 544);
INSERT INTO `kelas_mahasiswa` VALUES (1103, 61, 549);
INSERT INTO `kelas_mahasiswa` VALUES (1104, 61, 548);
INSERT INTO `kelas_mahasiswa` VALUES (1105, 61, 539);
INSERT INTO `kelas_mahasiswa` VALUES (1106, 61, 1297);
INSERT INTO `kelas_mahasiswa` VALUES (1107, 61, 1298);
INSERT INTO `kelas_mahasiswa` VALUES (1108, 56, 1142);
INSERT INTO `kelas_mahasiswa` VALUES (1109, 56, 1144);
INSERT INTO `kelas_mahasiswa` VALUES (1110, 56, 1145);
INSERT INTO `kelas_mahasiswa` VALUES (1111, 56, 1146);
INSERT INTO `kelas_mahasiswa` VALUES (1112, 56, 1147);
INSERT INTO `kelas_mahasiswa` VALUES (1113, 56, 1148);
INSERT INTO `kelas_mahasiswa` VALUES (1114, 56, 1149);
INSERT INTO `kelas_mahasiswa` VALUES (1115, 56, 1150);
INSERT INTO `kelas_mahasiswa` VALUES (1116, 56, 1151);
INSERT INTO `kelas_mahasiswa` VALUES (1117, 56, 1152);
INSERT INTO `kelas_mahasiswa` VALUES (1118, 56, 1153);
INSERT INTO `kelas_mahasiswa` VALUES (1119, 56, 1154);
INSERT INTO `kelas_mahasiswa` VALUES (1120, 56, 1155);
INSERT INTO `kelas_mahasiswa` VALUES (1121, 56, 1156);
INSERT INTO `kelas_mahasiswa` VALUES (1122, 56, 1157);
INSERT INTO `kelas_mahasiswa` VALUES (1123, 56, 1159);
INSERT INTO `kelas_mahasiswa` VALUES (1124, 56, 1160);
INSERT INTO `kelas_mahasiswa` VALUES (1125, 56, 1161);
INSERT INTO `kelas_mahasiswa` VALUES (1126, 56, 1164);
INSERT INTO `kelas_mahasiswa` VALUES (1127, 56, 1167);
INSERT INTO `kelas_mahasiswa` VALUES (1128, 56, 1168);
INSERT INTO `kelas_mahasiswa` VALUES (1129, 56, 1169);
INSERT INTO `kelas_mahasiswa` VALUES (1130, 56, 1170);
INSERT INTO `kelas_mahasiswa` VALUES (1131, 56, 1172);
INSERT INTO `kelas_mahasiswa` VALUES (1132, 56, 478);
INSERT INTO `kelas_mahasiswa` VALUES (1133, 57, 1173);
INSERT INTO `kelas_mahasiswa` VALUES (1134, 57, 1174);
INSERT INTO `kelas_mahasiswa` VALUES (1135, 57, 1175);
INSERT INTO `kelas_mahasiswa` VALUES (1136, 57, 1176);
INSERT INTO `kelas_mahasiswa` VALUES (1137, 57, 1177);
INSERT INTO `kelas_mahasiswa` VALUES (1138, 57, 1178);
INSERT INTO `kelas_mahasiswa` VALUES (1139, 57, 1179);
INSERT INTO `kelas_mahasiswa` VALUES (1140, 57, 1180);
INSERT INTO `kelas_mahasiswa` VALUES (1141, 57, 1181);
INSERT INTO `kelas_mahasiswa` VALUES (1142, 57, 1182);
INSERT INTO `kelas_mahasiswa` VALUES (1143, 57, 1183);
INSERT INTO `kelas_mahasiswa` VALUES (1144, 57, 1184);
INSERT INTO `kelas_mahasiswa` VALUES (1145, 57, 1185);
INSERT INTO `kelas_mahasiswa` VALUES (1146, 57, 1186);
INSERT INTO `kelas_mahasiswa` VALUES (1147, 57, 1187);
INSERT INTO `kelas_mahasiswa` VALUES (1148, 57, 1188);
INSERT INTO `kelas_mahasiswa` VALUES (1149, 57, 1189);
INSERT INTO `kelas_mahasiswa` VALUES (1150, 57, 1192);
INSERT INTO `kelas_mahasiswa` VALUES (1151, 57, 1193);
INSERT INTO `kelas_mahasiswa` VALUES (1152, 57, 1197);
INSERT INTO `kelas_mahasiswa` VALUES (1153, 57, 1198);
INSERT INTO `kelas_mahasiswa` VALUES (1154, 57, 1199);
INSERT INTO `kelas_mahasiswa` VALUES (1155, 57, 1200);
INSERT INTO `kelas_mahasiswa` VALUES (1156, 57, 1201);
INSERT INTO `kelas_mahasiswa` VALUES (1157, 58, 1202);
INSERT INTO `kelas_mahasiswa` VALUES (1158, 58, 1204);
INSERT INTO `kelas_mahasiswa` VALUES (1159, 58, 1205);
INSERT INTO `kelas_mahasiswa` VALUES (1160, 58, 1206);
INSERT INTO `kelas_mahasiswa` VALUES (1161, 58, 1207);
INSERT INTO `kelas_mahasiswa` VALUES (1162, 58, 1208);
INSERT INTO `kelas_mahasiswa` VALUES (1163, 58, 1209);
INSERT INTO `kelas_mahasiswa` VALUES (1164, 58, 1210);
INSERT INTO `kelas_mahasiswa` VALUES (1165, 58, 1211);
INSERT INTO `kelas_mahasiswa` VALUES (1166, 58, 1212);
INSERT INTO `kelas_mahasiswa` VALUES (1167, 58, 1213);
INSERT INTO `kelas_mahasiswa` VALUES (1168, 58, 1215);
INSERT INTO `kelas_mahasiswa` VALUES (1169, 58, 1216);
INSERT INTO `kelas_mahasiswa` VALUES (1170, 58, 1218);
INSERT INTO `kelas_mahasiswa` VALUES (1171, 58, 1220);
INSERT INTO `kelas_mahasiswa` VALUES (1172, 58, 1191);
INSERT INTO `kelas_mahasiswa` VALUES (1173, 58, 1194);
INSERT INTO `kelas_mahasiswa` VALUES (1174, 58, 547);
INSERT INTO `kelas_mahasiswa` VALUES (1175, 58, 1162);
INSERT INTO `kelas_mahasiswa` VALUES (1176, 58, 1165);
INSERT INTO `kelas_mahasiswa` VALUES (1177, 58, 1163);
INSERT INTO `kelas_mahasiswa` VALUES (1178, 55, 1564);
INSERT INTO `kelas_mahasiswa` VALUES (1179, 55, 1565);
INSERT INTO `kelas_mahasiswa` VALUES (1180, 55, 1566);
INSERT INTO `kelas_mahasiswa` VALUES (1181, 55, 1567);
INSERT INTO `kelas_mahasiswa` VALUES (1182, 55, 1569);
INSERT INTO `kelas_mahasiswa` VALUES (1183, 55, 1570);
INSERT INTO `kelas_mahasiswa` VALUES (1184, 55, 1571);
INSERT INTO `kelas_mahasiswa` VALUES (1185, 55, 1572);
INSERT INTO `kelas_mahasiswa` VALUES (1186, 55, 1574);
INSERT INTO `kelas_mahasiswa` VALUES (1187, 55, 1575);
INSERT INTO `kelas_mahasiswa` VALUES (1188, 55, 1576);
INSERT INTO `kelas_mahasiswa` VALUES (1189, 55, 1577);
INSERT INTO `kelas_mahasiswa` VALUES (1190, 55, 1578);
INSERT INTO `kelas_mahasiswa` VALUES (1191, 55, 1579);
INSERT INTO `kelas_mahasiswa` VALUES (1192, 55, 1580);
INSERT INTO `kelas_mahasiswa` VALUES (1193, 55, 1581);
INSERT INTO `kelas_mahasiswa` VALUES (1194, 55, 1582);
INSERT INTO `kelas_mahasiswa` VALUES (1195, 55, 1583);
INSERT INTO `kelas_mahasiswa` VALUES (1196, 12, 2298);
INSERT INTO `kelas_mahasiswa` VALUES (1197, 27, 2299);
INSERT INTO `kelas_mahasiswa` VALUES (1198, 27, 2300);
INSERT INTO `kelas_mahasiswa` VALUES (1199, 27, 2301);
INSERT INTO `kelas_mahasiswa` VALUES (1200, 25, 2302);
INSERT INTO `kelas_mahasiswa` VALUES (1201, 25, 2303);
INSERT INTO `kelas_mahasiswa` VALUES (1202, 25, 2304);
INSERT INTO `kelas_mahasiswa` VALUES (1203, 27, 2305);
INSERT INTO `kelas_mahasiswa` VALUES (1204, 25, 2306);
INSERT INTO `kelas_mahasiswa` VALUES (1205, 7, 2307);
INSERT INTO `kelas_mahasiswa` VALUES (1206, 8, 2308);
INSERT INTO `kelas_mahasiswa` VALUES (1207, 1, 2309);

-- ----------------------------
-- Table structure for mahasiswa
-- ----------------------------
DROP TABLE IF EXISTS `mahasiswa`;
CREATE TABLE `mahasiswa`  (
  `id` int(11) NOT NULL AUTO_INCREMENT,
  `nama_lengkap` varchar(50) CHARACTER SET latin1 COLLATE latin1_swedish_ci NULL DEFAULT NULL,
  `nim` varchar(16) CHARACTER SET latin1 COLLATE latin1_swedish_ci NULL DEFAULT NULL,
  `program_studi` int(11) NULL DEFAULT NULL,
  `periode` varchar(5) CHARACTER SET latin1 COLLATE latin1_swedish_ci NULL DEFAULT NULL,
  `foto` varchar(255) CHARACTER SET latin1 COLLATE latin1_swedish_ci NULL DEFAULT NULL,
  PRIMARY KEY (`id`) USING BTREE
) ENGINE = InnoDB AUTO_INCREMENT = 2310 CHARACTER SET = latin1 COLLATE = latin1_swedish_ci ROW_FORMAT = Compact;

-- ----------------------------
-- Records of mahasiswa
-- ----------------------------
INSERT INTO `mahasiswa` VALUES (1, 'Achmad Syamsul Mukhtadi', 'E511911001', 6, '2019', NULL);
INSERT INTO `mahasiswa` VALUES (2, 'Akbar Erwan', 'E511911002', 6, '2019', NULL);
INSERT INTO `mahasiswa` VALUES (3, 'Aldy Wahyu Ilahi', 'E511911003', 6, '2019', NULL);
INSERT INTO `mahasiswa` VALUES (4, 'Bima Pratama Cahya Ramadhan', 'E511911004', 6, '2019', NULL);
INSERT INTO `mahasiswa` VALUES (5, 'Cecep Ruhiyat', 'E511911005', 6, '2019', NULL);
INSERT INTO `mahasiswa` VALUES (6, 'Christian Alfred Ferdyanto Halim', 'E511911006', 6, '2019', NULL);
INSERT INTO `mahasiswa` VALUES (7, 'Delmar Da Costa', 'E511911008', 6, '2019', NULL);
INSERT INTO `mahasiswa` VALUES (8, 'Hari Imam Somantri', 'E511911009', 6, '2019', NULL);
INSERT INTO `mahasiswa` VALUES (9, 'Julio Afonso Dias Da Costa', 'E511911010', 6, '2019', NULL);
INSERT INTO `mahasiswa` VALUES (10, 'M. Naufal Syamsul Romli', 'E511911011', 6, '2019', NULL);
INSERT INTO `mahasiswa` VALUES (11, 'Mochammad Daffa Ramadhan', 'E511911012', 6, '2019', NULL);
INSERT INTO `mahasiswa` VALUES (12, 'Moh. Ilham Primansyah', 'E511911013', 6, '2019', NULL);
INSERT INTO `mahasiswa` VALUES (13, 'Nazli Faturochman', 'E511911015', 6, '2019', NULL);
INSERT INTO `mahasiswa` VALUES (14, 'Ricki Meilana', 'E511911014', 6, '2019', NULL);
INSERT INTO `mahasiswa` VALUES (15, 'Rafly Daffa Athariq', 'E511911016', 6, '2019', NULL);
INSERT INTO `mahasiswa` VALUES (16, 'Rahadian Ihza Irawadi', 'E511911017', 6, '2019', NULL);
INSERT INTO `mahasiswa` VALUES (17, 'Ryan Adi Pratama', 'E511911018', 6, '2019', NULL);
INSERT INTO `mahasiswa` VALUES (18, 'Tia Ramdhani', 'E511911019', 6, '2019', NULL);
INSERT INTO `mahasiswa` VALUES (19, 'Tito Fulgencio Bras Freitas', 'E511911020', 6, '2019', NULL);
INSERT INTO `mahasiswa` VALUES (20, 'Windy Octavianus Sinaga', 'E511911021', 6, '2019', NULL);
INSERT INTO `mahasiswa` VALUES (21, 'Yandi Imammudin', 'E511911022', 6, '2019', NULL);
INSERT INTO `mahasiswa` VALUES (22, 'Satya Alfian Pramanda', 'E521911086', 5, '2019', NULL);
INSERT INTO `mahasiswa` VALUES (23, 'Riki Sanjaya', 'E521911078', 5, '2019', NULL);
INSERT INTO `mahasiswa` VALUES (24, 'Muhammad Riski Aditya', 'E521911068', 5, '2019', NULL);
INSERT INTO `mahasiswa` VALUES (25, 'Muhamad Muhiyar Abdul Azis', 'E521911057', 5, '2019', NULL);
INSERT INTO `mahasiswa` VALUES (26, 'M. Ricky Es Memet', 'E521911051', 5, '2019', NULL);
INSERT INTO `mahasiswa` VALUES (27, 'M. Reynaldo', 'E521911050', 5, '2019', NULL);
INSERT INTO `mahasiswa` VALUES (28, 'M. Gandhi Thabrani', 'E521911048', 5, '2019', NULL);
INSERT INTO `mahasiswa` VALUES (29, 'Muhammad Ihsan', 'E521911063', 5, '2019', NULL);
INSERT INTO `mahasiswa` VALUES (30, 'M. Hafiz Tarsri', 'E521911049', 5, '2019', NULL);
INSERT INTO `mahasiswa` VALUES (31, 'Jourdy Peramanandy', 'E521911045', 5, '2019', NULL);
INSERT INTO `mahasiswa` VALUES (33, 'Hesa Cahaya Ramadhan', 'E521911038', 5, '2019', NULL);
INSERT INTO `mahasiswa` VALUES (34, 'Hazal Lorensius Barus', 'E521911035', 5, '2019', NULL);
INSERT INTO `mahasiswa` VALUES (35, 'Firman Hidayat', 'E521911033', 5, '2019', NULL);
INSERT INTO `mahasiswa` VALUES (36, 'Donal E. Tambunan', 'E521911027', 5, '2019', NULL);
INSERT INTO `mahasiswa` VALUES (37, 'Diki Darmawan', 'E521911024', 5, '2019', NULL);
INSERT INTO `mahasiswa` VALUES (38, 'Deni Saputra', 'E521911021', 5, '2019', NULL);
INSERT INTO `mahasiswa` VALUES (39, 'Bayu Adelah', 'E521911019', 5, '2019', NULL);
INSERT INTO `mahasiswa` VALUES (40, 'Antoro Wisdiansyah', 'E521911014', 5, '2019', NULL);
INSERT INTO `mahasiswa` VALUES (41, 'Alfiansyah', 'E521911009', 5, '2019', NULL);
INSERT INTO `mahasiswa` VALUES (42, 'Abda Malik', 'E521911001', 5, '2019', NULL);
INSERT INTO `mahasiswa` VALUES (43, 'Akhsan Ibadurrohman', 'E521911006', 5, '2019', NULL);
INSERT INTO `mahasiswa` VALUES (44, 'Muhammad Ravliyaldi', 'E521911067', 5, '2019', NULL);
INSERT INTO `mahasiswa` VALUES (45, 'MHD. Mufti Khadafi', 'E521911065', 5, '2019', NULL);
INSERT INTO `mahasiswa` VALUES (46, 'Muhammad Farhandi', 'E521911060', 5, '2019', NULL);
INSERT INTO `mahasiswa` VALUES (47, 'Yogi Rivaldo Sidauruk', 'E521911094', 5, '2019', NULL);
INSERT INTO `mahasiswa` VALUES (48, 'Wisnu Wardani', 'E521911092', 5, '2019', NULL);
INSERT INTO `mahasiswa` VALUES (49, 'Tri Nanda Saputra', 'E521911089', 5, '2019', NULL);
INSERT INTO `mahasiswa` VALUES (50, 'Tegar Kurniawan', 'E521911088', 5, '2019', NULL);
INSERT INTO `mahasiswa` VALUES (51, 'Sigit Tri Wibowo', 'E521911087', 5, '2019', NULL);
INSERT INTO `mahasiswa` VALUES (52, 'Satrio Pangestu Utomo', 'E521911085', 5, '2019', NULL);
INSERT INTO `mahasiswa` VALUES (53, 'Rido Pahlevi', 'E521911077', 5, '2019', NULL);
INSERT INTO `mahasiswa` VALUES (54, 'Gilang Ramadhan', 'E521911034', 5, '2019', NULL);
INSERT INTO `mahasiswa` VALUES (55, 'Fierly Apriyan', 'E521911032', 5, '2019', NULL);
INSERT INTO `mahasiswa` VALUES (56, 'Eko Wahyudi', 'E521911029', 5, '2019', NULL);
INSERT INTO `mahasiswa` VALUES (57, 'Enggi Firlanda', 'E521911030', 5, '2019', NULL);
INSERT INTO `mahasiswa` VALUES (58, 'Dimas Prasetiyo', 'E521911025', 5, '2019', NULL);
INSERT INTO `mahasiswa` VALUES (59, 'David Ardian Putra', 'E521911020', 5, '2019', NULL);
INSERT INTO `mahasiswa` VALUES (60, 'Bagus Dwi Ramadhan', 'E521911018', 5, '2019', NULL);
INSERT INTO `mahasiswa` VALUES (61, 'Arizky Subandja', 'E521911016', 5, '2019', NULL);
INSERT INTO `mahasiswa` VALUES (62, 'Amaver Andrean', 'E521911011', 5, '2019', NULL);
INSERT INTO `mahasiswa` VALUES (63, 'Arga Ardi Yuda', 'E521911015', 5, '2019', NULL);
INSERT INTO `mahasiswa` VALUES (64, 'Agung Tri Rahmadoni', 'E521911003', 5, '2019', NULL);
INSERT INTO `mahasiswa` VALUES (65, 'Andrianus Tambunan', 'E521911013', 5, '2019', NULL);
INSERT INTO `mahasiswa` VALUES (66, 'Arvi Anggris Gustiyan', 'E521911017', 5, '2019', NULL);
INSERT INTO `mahasiswa` VALUES (67, 'Aldi Diansyah', 'E521911008', 5, '2019', NULL);
INSERT INTO `mahasiswa` VALUES (68, 'Muhammad Febi Saputra', 'E521911061', 5, '2019', NULL);
INSERT INTO `mahasiswa` VALUES (69, 'Mahardika Naufaldi', 'E521911052', 5, '2019', NULL);
INSERT INTO `mahasiswa` VALUES (70, 'Rizal Hidayat', 'E521911080', 5, '2019', NULL);
INSERT INTO `mahasiswa` VALUES (71, 'Muhammad Rafli Nasin', 'E521911066', 5, '2019', NULL);
INSERT INTO `mahasiswa` VALUES (72, 'Novi Ardiansyah Suparli', 'E521911069', 5, '2019', NULL);
INSERT INTO `mahasiswa` VALUES (73, 'Krisna Ramadhan', 'E521911047', 5, '2019', NULL);
INSERT INTO `mahasiswa` VALUES (74, 'Imam Adiatma', 'E521911041', 5, '2019', NULL);
INSERT INTO `mahasiswa` VALUES (75, 'Iwan Hernawan', 'E521911043', 5, '2019', NULL);
INSERT INTO `mahasiswa` VALUES (76, 'Hendro Sigiro', 'E521911036', 5, '2019', NULL);
INSERT INTO `mahasiswa` VALUES (77, 'Herno Satria Putra', 'E521911037', 5, '2019', NULL);
INSERT INTO `mahasiswa` VALUES (78, 'Ichlas Sibgotulloh', 'E521911040', 5, '2019', NULL);
INSERT INTO `mahasiswa` VALUES (79, 'Okta Redo Akbar', 'E521911070', 5, '2019', NULL);
INSERT INTO `mahasiswa` VALUES (80, 'Akbar Lindu', 'E521911004', 5, '2019', NULL);
INSERT INTO `mahasiswa` VALUES (81, 'Valentya Pratiwi', 'E521911090', 5, '2019', NULL);
INSERT INTO `mahasiswa` VALUES (82, 'Rinaldi', 'E521911079', 5, '2019', NULL);
INSERT INTO `mahasiswa` VALUES (83, 'Ranto Enim Sihombing', 'E521911072', 5, '2019', NULL);
INSERT INTO `mahasiswa` VALUES (84, 'Dwi Fajar Agung Y.L', 'E521911028', 5, '2019', NULL);
INSERT INTO `mahasiswa` VALUES (85, 'Aldo Sergio Limbong', 'E521911007', 5, '2019', NULL);
INSERT INTO `mahasiswa` VALUES (86, 'Destri Rizqi Ramadhan', 'E521911022', 5, '2019', NULL);
INSERT INTO `mahasiswa` VALUES (87, 'Ferdy Adiansyah', 'E521911031', 5, '2019', NULL);
INSERT INTO `mahasiswa` VALUES (88, 'Dike Arpan', 'E521911023', 5, '2019', NULL);
INSERT INTO `mahasiswa` VALUES (89, 'Alfin Azwar', 'E521911010', 5, '2019', NULL);
INSERT INTO `mahasiswa` VALUES (90, 'Kemal Kautsar', 'E521911046', 5, '2019', NULL);
INSERT INTO `mahasiswa` VALUES (91, 'Miftah Rizki Bilhak', 'E521911053', 5, '2019', NULL);
INSERT INTO `mahasiswa` VALUES (92, 'Jhon Hendrawan', 'E521911044', 5, '2019', NULL);
INSERT INTO `mahasiswa` VALUES (93, 'Ronaldo Putra Rejeki', 'E521911083', 5, '2019', NULL);
INSERT INTO `mahasiswa` VALUES (94, 'Roni Saputra Arjamal', 'E521911084', 5, '2019', NULL);
INSERT INTO `mahasiswa` VALUES (95, 'Redho Al Dillan', 'E521911073', 5, '2019', NULL);
INSERT INTO `mahasiswa` VALUES (96, 'Renaldy Efriza', 'E521911074', 5, '2019', NULL);
INSERT INTO `mahasiswa` VALUES (97, 'Afdhal Wiguna', 'E521911002', 5, '2019', NULL);
INSERT INTO `mahasiswa` VALUES (98, 'Muhammad Irvan Safero', 'E521911064', 5, '2019', NULL);
INSERT INTO `mahasiswa` VALUES (99, 'Monica Fadhillah', 'E521911055', 5, '2019', NULL);
INSERT INTO `mahasiswa` VALUES (100, 'Miswar Renaldi', 'E521911054', 5, '2019', NULL);
INSERT INTO `mahasiswa` VALUES (101, 'M. Aldo Roysendy', 'E521911058', 5, '2019', NULL);
INSERT INTO `mahasiswa` VALUES (102, 'Muhammad Aziz Septian', 'E521911059', 5, '2019', NULL);
INSERT INTO `mahasiswa` VALUES (103, 'Muhammad Idha Alfahrezi', 'E521911062', 5, '2019', NULL);
INSERT INTO `mahasiswa` VALUES (104, 'Andi Kurniawan', 'E521911012', 5, '2019', NULL);
INSERT INTO `mahasiswa` VALUES (105, 'Wahyu Wali Pangestu', 'E521911091', 5, '2019', NULL);
INSERT INTO `mahasiswa` VALUES (106, 'Ressi Okta Puspa Sari', 'E521911075', 5, '2019', NULL);
INSERT INTO `mahasiswa` VALUES (107, 'Ronaldo Pranatha Ginting', 'E521911082', 5, '2019', NULL);
INSERT INTO `mahasiswa` VALUES (108, 'Rizki Ramadhan', 'E521911081', 5, '2019', NULL);
INSERT INTO `mahasiswa` VALUES (109, 'Rahmadona', 'E521911071', 5, '2019', NULL);
INSERT INTO `mahasiswa` VALUES (110, 'Abil Ash Buransa', 'D511911001', 1, '2019', NULL);
INSERT INTO `mahasiswa` VALUES (111, 'Fauzul Rahmat Sawir', 'D511911002', 1, '2019', NULL);
INSERT INTO `mahasiswa` VALUES (112, 'Garwin G', 'D511911003', 1, '2019', NULL);
INSERT INTO `mahasiswa` VALUES (113, 'Gea', 'D511911004', 1, '2019', NULL);
INSERT INTO `mahasiswa` VALUES (114, 'Gerit Saputra', 'D511911005', 1, '2019', NULL);
INSERT INTO `mahasiswa` VALUES (115, 'La Ode Upin', 'D511911006', 1, '2019', NULL);
INSERT INTO `mahasiswa` VALUES (116, 'Luthfy Nurhasan', 'D511911007', 1, '2019', NULL);
INSERT INTO `mahasiswa` VALUES (117, 'Ma\'ruf Husaeni', 'D511911008', 1, '2019', NULL);
INSERT INTO `mahasiswa` VALUES (118, 'Meisy Jevani Sirait', 'D511911009', 1, '2019', NULL);
INSERT INTO `mahasiswa` VALUES (119, 'Nur Laili Badriah', 'D511911010', 1, '2019', NULL);
INSERT INTO `mahasiswa` VALUES (120, 'Rizal Permadi', 'D511911011', 1, '2019', NULL);
INSERT INTO `mahasiswa` VALUES (121, 'Safar', 'D511911012', 1, '2019', NULL);
INSERT INTO `mahasiswa` VALUES (122, 'Teddi Izetra', 'D511911013', 1, '2019', NULL);
INSERT INTO `mahasiswa` VALUES (123, 'Zafal Maulana Sidil', 'D511911014', 1, '2019', NULL);
INSERT INTO `mahasiswa` VALUES (124, 'Angga Dimas Hardiansyah', 'D511921025', 1, '2019', NULL);
INSERT INTO `mahasiswa` VALUES (125, 'Arif Susanto', 'D511921026', 1, '2019', NULL);
INSERT INTO `mahasiswa` VALUES (126, 'Krysti Nur Agung', 'D511921027', 1, '2019', NULL);
INSERT INTO `mahasiswa` VALUES (127, 'Aditya Sukma Irawan', 'D321911001', 6, '2019', NULL);
INSERT INTO `mahasiswa` VALUES (128, 'Fajar Sidik Khaikal', 'D321911003', 6, '2019', NULL);
INSERT INTO `mahasiswa` VALUES (129, 'Maulana Eka Septiawan', 'D321911008', 6, '2019', NULL);
INSERT INTO `mahasiswa` VALUES (130, 'Maulana Tegar Purnama', 'D321911009', 6, '2019', NULL);
INSERT INTO `mahasiswa` VALUES (131, 'Muhammad Zharfan Zain', 'D321911011', 6, '2019', NULL);
INSERT INTO `mahasiswa` VALUES (132, 'Ramdhan Hasan Arif', 'D321911013', 6, '2019', NULL);
INSERT INTO `mahasiswa` VALUES (133, 'Rizki Perdana', 'D321911014', 6, '2019', NULL);
INSERT INTO `mahasiswa` VALUES (134, 'Abillillah Auliya Saefulloh', 'E211911001', 8, '2019', NULL);
INSERT INTO `mahasiswa` VALUES (135, 'Dani Ramdani', 'E211911002', 8, '2019', NULL);
INSERT INTO `mahasiswa` VALUES (136, 'Dian Hadiansyah Nugraha', 'E211911003', 8, '2019', NULL);
INSERT INTO `mahasiswa` VALUES (137, 'Fadli Irwansyah', 'E211911004', 8, '2019', NULL);
INSERT INTO `mahasiswa` VALUES (138, 'Fajar Yusuf Nugroho', 'E211911005', 8, '2019', NULL);
INSERT INTO `mahasiswa` VALUES (139, 'Fu\'ad Hariz Rosyadi', 'E211911006', 8, '2019', NULL);
INSERT INTO `mahasiswa` VALUES (140, 'Gilang Ahmad Faisal', 'E211911007', 8, '2019', NULL);
INSERT INTO `mahasiswa` VALUES (141, 'Ikhsan Rizkyansyah', 'E211911008', 8, '2019', NULL);
INSERT INTO `mahasiswa` VALUES (142, 'Marhimpu Lumbantoruan', 'E211911009', 8, '2019', NULL);
INSERT INTO `mahasiswa` VALUES (143, 'Moch Gumilar Setiawan', 'E211911010', 8, '2019', NULL);
INSERT INTO `mahasiswa` VALUES (144, 'Nur Fadhlillah Guna Wibawa', 'E211911011', 8, '2019', NULL);
INSERT INTO `mahasiswa` VALUES (145, 'Syahrul Dzulfikar Pramudya', 'E211911012', 8, '2019', NULL);
INSERT INTO `mahasiswa` VALUES (146, 'Yandi Bagas Putra', 'E211911013', 8, '2019', NULL);
INSERT INTO `mahasiswa` VALUES (147, 'Alarik Albaihaqi', 'D311911002', 6, '2019', NULL);
INSERT INTO `mahasiswa` VALUES (148, 'Aldi', 'D311911003', 6, '2019', NULL);
INSERT INTO `mahasiswa` VALUES (149, 'Aldi Alamsyah', 'D311911004', 6, '2019', NULL);
INSERT INTO `mahasiswa` VALUES (150, 'Andria Abdul Muis', 'D311911005', 6, '2019', NULL);
INSERT INTO `mahasiswa` VALUES (151, 'Arbiansyah Ramawadji', 'D311911006', 6, '2019', NULL);
INSERT INTO `mahasiswa` VALUES (152, 'Bhisma Ajuni Sutarna', 'D311911008', 6, '2019', NULL);
INSERT INTO `mahasiswa` VALUES (153, 'Cecep Andriyana', 'D311911009', 6, '2019', NULL);
INSERT INTO `mahasiswa` VALUES (154, 'Dwi Wanda Okto Saputra', 'D311911012', 6, '2019', NULL);
INSERT INTO `mahasiswa` VALUES (155, 'Farhan Maulana Fauzian', 'D311911013', 6, '2019', NULL);
INSERT INTO `mahasiswa` VALUES (156, 'Firdan Maulana', 'D311911015', 6, '2019', NULL);
INSERT INTO `mahasiswa` VALUES (157, 'Harry Mardani', 'D311911016', 6, '2019', NULL);
INSERT INTO `mahasiswa` VALUES (158, 'Ilham Mutaqin', 'D311911017', 6, '2019', NULL);
INSERT INTO `mahasiswa` VALUES (159, 'Mochamad Fachri Reza Heriawan', 'D311911022', 6, '2019', NULL);
INSERT INTO `mahasiswa` VALUES (160, 'Muhammad Reza Nurzaman', 'D311911025', 6, '2019', NULL);
INSERT INTO `mahasiswa` VALUES (161, 'Rafli Sultan Al Fikri', 'D311911027', 6, '2019', NULL);
INSERT INTO `mahasiswa` VALUES (162, 'Zulfajri', 'D311911035', 6, '2019', NULL);
INSERT INTO `mahasiswa` VALUES (163, 'Apri Fernando Simbolon', 'D311911046', 6, '2019', NULL);
INSERT INTO `mahasiswa` VALUES (164, 'Aldy Rizaldi', 'D311911047', 6, '2019', NULL);
INSERT INTO `mahasiswa` VALUES (165, 'Ari Permana Yuda', 'D311911048', 6, '2019', NULL);
INSERT INTO `mahasiswa` VALUES (166, 'Ario Jatmiko', 'D311911049', 6, '2019', NULL);
INSERT INTO `mahasiswa` VALUES (167, 'Cecep Indriansyah', 'D311911050', 6, '2019', NULL);
INSERT INTO `mahasiswa` VALUES (168, 'Fahmy Azhar', 'D311911051', 6, '2019', NULL);
INSERT INTO `mahasiswa` VALUES (169, 'Mahessa Eka Cahya Briliyan', 'D311911052', 6, '2019', NULL);
INSERT INTO `mahasiswa` VALUES (170, 'Mamun Gartiwa', 'D311911053', 6, '2019', NULL);
INSERT INTO `mahasiswa` VALUES (171, 'Muhammad Rivqi Nawawi', 'D311911054', 6, '2019', NULL);
INSERT INTO `mahasiswa` VALUES (172, 'Rafi Darajat', 'D311911055', 6, '2019', NULL);
INSERT INTO `mahasiswa` VALUES (173, 'Rahman', 'D311911056', 6, '2019', NULL);
INSERT INTO `mahasiswa` VALUES (174, 'Ryan Budiman Yusup', 'D311911057', 6, '2019', NULL);
INSERT INTO `mahasiswa` VALUES (175, 'Shohibul Ma\'ruf', 'D311911058', 6, '2019', NULL);
INSERT INTO `mahasiswa` VALUES (176, 'Tedy Syahril', 'D311911059', 6, '2019', NULL);
INSERT INTO `mahasiswa` VALUES (177, 'Muhamad Ira', 'D311911061', 6, '2019', NULL);
INSERT INTO `mahasiswa` VALUES (178, 'Yoga Syarifudin', 'D311911062', 6, '2019', NULL);
INSERT INTO `mahasiswa` VALUES (179, 'Imam Syaeful Rochman', 'E521911042', 5, '2019', NULL);
INSERT INTO `mahasiswa` VALUES (180, 'Muhammad Ichsan Ridho Setiadi Putra', 'D111911060', 3, '2019', NULL);
INSERT INTO `mahasiswa` VALUES (181, 'Mukhammad Ilham Ramdan', 'D111911064', 3, '2019', NULL);
INSERT INTO `mahasiswa` VALUES (182, 'Muhamad Luthfi', 'D111911057', 3, '2019', NULL);
INSERT INTO `mahasiswa` VALUES (183, 'Mochamad Reza Firmansyah', 'D111911056', 3, '2019', NULL);
INSERT INTO `mahasiswa` VALUES (184, 'M. Rizki Adriansah', 'D111911052', 3, '2019', NULL);
INSERT INTO `mahasiswa` VALUES (185, 'Muhammad Rizky Ramadhan', 'D111911063', 3, '2019', NULL);
INSERT INTO `mahasiswa` VALUES (186, 'Mohammad Kemaluddin Abdul Goni', 'D111911061', 3, '2019', NULL);
INSERT INTO `mahasiswa` VALUES (187, 'Randi Prakoso Wicaksono', 'D111911072', 3, '2019', NULL);
INSERT INTO `mahasiswa` VALUES (188, 'Rejeffry Maloraja Siahaan', 'D111911074', 3, '2019', NULL);
INSERT INTO `mahasiswa` VALUES (189, 'Reza Putra Nugraha', 'D111911077', 3, '2019', NULL);
INSERT INTO `mahasiswa` VALUES (190, 'Richard Hendrik Sikumbang', 'D111911078', 3, '2019', NULL);
INSERT INTO `mahasiswa` VALUES (191, 'Rifqi Nur Fauzi Ardiansyah', 'D111911079', 3, '2019', NULL);
INSERT INTO `mahasiswa` VALUES (192, 'Rizky Reza Pangestu', 'D111911085', 3, '2019', NULL);
INSERT INTO `mahasiswa` VALUES (193, 'Risti Pradwi Ningsih', 'D111911082', 3, '2019', NULL);
INSERT INTO `mahasiswa` VALUES (194, 'Rizal Faqih Ramadhan', 'D111911083', 3, '2019', NULL);
INSERT INTO `mahasiswa` VALUES (195, 'Robiul Sani', 'D111911086', 3, '2019', NULL);
INSERT INTO `mahasiswa` VALUES (196, 'Ruswandi Adhi Pratama', 'D111911087', 3, '2019', NULL);
INSERT INTO `mahasiswa` VALUES (197, 'Syifa Komara Danuwidjaya', 'D111911091', 3, '2019', NULL);
INSERT INTO `mahasiswa` VALUES (198, 'Taufik Ramdhani', 'D111911094', 3, '2019', NULL);
INSERT INTO `mahasiswa` VALUES (199, 'Taufik Nur Hidayat', 'D111911093', 3, '2019', NULL);
INSERT INTO `mahasiswa` VALUES (200, 'Trisna Budi Wicaksana', 'D111911095', 3, '2019', NULL);
INSERT INTO `mahasiswa` VALUES (201, 'Winda Adrianti', 'D111911099', 3, '2019', NULL);
INSERT INTO `mahasiswa` VALUES (202, 'Yuda Pratama Jabir', 'D111911100', 3, '2019', NULL);
INSERT INTO `mahasiswa` VALUES (203, 'Widy Rahma Putri', 'D111911098', 3, '2019', NULL);
INSERT INTO `mahasiswa` VALUES (204, 'Zafar Maulana Sidik', 'D111911101', 3, '2019', NULL);
INSERT INTO `mahasiswa` VALUES (205, 'Zildan Ahmad Mahbubi', 'D111911103', 3, '2019', NULL);
INSERT INTO `mahasiswa` VALUES (206, 'Ziyad El Berro', 'D111911104', 3, '2019', NULL);
INSERT INTO `mahasiswa` VALUES (207, 'Abdillah Raihan Azra', 'D111911002', 3, '2019', NULL);
INSERT INTO `mahasiswa` VALUES (208, 'Achmad Yusuf Subagja', 'D111911004', 3, '2019', NULL);
INSERT INTO `mahasiswa` VALUES (209, 'Adam Wildan', 'D111911005', 3, '2019', NULL);
INSERT INTO `mahasiswa` VALUES (210, 'Alsyahwallazi', 'D111911012', 3, '2019', NULL);
INSERT INTO `mahasiswa` VALUES (211, 'Alian Hakim', 'D111911010', 3, '2019', NULL);
INSERT INTO `mahasiswa` VALUES (212, 'A. Rafi Muhammad Sahid', 'D111911001', 3, '2019', NULL);
INSERT INTO `mahasiswa` VALUES (213, 'Aqmal Mulqy Bagja Laksana', 'D111911015', 3, '2019', NULL);
INSERT INTO `mahasiswa` VALUES (214, 'Atik Nurliana', 'D111911018', 3, '2019', NULL);
INSERT INTO `mahasiswa` VALUES (215, 'Bangun Chaerudin Anwar', 'D111911021', 3, '2019', NULL);
INSERT INTO `mahasiswa` VALUES (216, 'Datif Akmal Fauzan', 'D111911024', 3, '2019', NULL);
INSERT INTO `mahasiswa` VALUES (217, 'Dwika Cahya Febriana', 'D111911026', 3, '2019', NULL);
INSERT INTO `mahasiswa` VALUES (218, 'Ecep Achmad Sutisna', 'D111911027', 3, '2019', NULL);
INSERT INTO `mahasiswa` VALUES (219, 'Erke Jonathan', 'D111911028', 3, '2019', NULL);
INSERT INTO `mahasiswa` VALUES (220, 'Fachri Akmal Fauzi', 'D111911030', 3, '2019', NULL);
INSERT INTO `mahasiswa` VALUES (221, 'Fadly Fadilah Yusup', 'D111911031', 3, '2019', NULL);
INSERT INTO `mahasiswa` VALUES (222, 'Keny Kirana Wanaziana', 'D111911042', 3, '2019', NULL);
INSERT INTO `mahasiswa` VALUES (223, 'La Ode Muhammad Fitrah', 'D111911046', 3, '2019', NULL);
INSERT INTO `mahasiswa` VALUES (224, 'Fajar Aditya', 'D111911033', 3, '2019', NULL);
INSERT INTO `mahasiswa` VALUES (225, 'Firman Mardiyanto', 'D111911034', 3, '2019', NULL);
INSERT INTO `mahasiswa` VALUES (226, 'Hana Miratul Mar\'ah', 'D111911036', 3, '2019', NULL);
INSERT INTO `mahasiswa` VALUES (227, 'Indra Septiansyah', 'D111911039', 3, '2019', NULL);
INSERT INTO `mahasiswa` VALUES (228, 'Ilham Alfath', 'D111911037', 3, '2019', NULL);
INSERT INTO `mahasiswa` VALUES (229, 'Jian Nur Lutfiani', 'D111911040', 3, '2019', NULL);
INSERT INTO `mahasiswa` VALUES (230, 'Lanang Haqqy Purnama', 'D111911047', 3, '2019', NULL);
INSERT INTO `mahasiswa` VALUES (231, 'Lutfi Samsul Ma\'rif', 'D111911049', 3, '2019', NULL);
INSERT INTO `mahasiswa` VALUES (232, 'Sinta Octaviani Nur Cahyaningrum', 'E311911025', 4, '2019', NULL);
INSERT INTO `mahasiswa` VALUES (233, 'Muhammad Fachri Ramadhan', 'E311911020', 4, '2019', NULL);
INSERT INTO `mahasiswa` VALUES (234, 'Hasbi Nur Ichsan', 'E311911009', 4, '2019', NULL);
INSERT INTO `mahasiswa` VALUES (235, 'Ilham Aulia Kusumah', 'E311911012', 4, '2019', NULL);
INSERT INTO `mahasiswa` VALUES (236, 'Acep Andres', 'E311911001', 4, '2019', NULL);
INSERT INTO `mahasiswa` VALUES (237, 'Agisna Pamungkas Melga Maspura', 'E611911001', 10, '2019', NULL);
INSERT INTO `mahasiswa` VALUES (238, 'Aldi Ardiansyah', 'E311911002', 4, '2019', NULL);
INSERT INTO `mahasiswa` VALUES (239, 'Anggun Ayu Lestari', 'E311911003', 4, '2019', NULL);
INSERT INTO `mahasiswa` VALUES (240, 'Al Kautsar Devana Afni', 'E611911002', 10, '2019', NULL);
INSERT INTO `mahasiswa` VALUES (241, 'Achmad Arifin', 'E311911004', 4, '2019', NULL);
INSERT INTO `mahasiswa` VALUES (242, 'Chika Santika Nurathilla', 'E311911005', 4, '2019', NULL);
INSERT INTO `mahasiswa` VALUES (243, 'Dame Nia Siburian', 'E311911006', 4, '2019', NULL);
INSERT INTO `mahasiswa` VALUES (244, 'Despawana', 'E311911007', 4, '2019', NULL);
INSERT INTO `mahasiswa` VALUES (245, 'Eva Nurkholifah', 'E311911008', 4, '2019', NULL);
INSERT INTO `mahasiswa` VALUES (246, 'Jesica Maharuni', 'E311911010', 4, '2019', NULL);
INSERT INTO `mahasiswa` VALUES (247, 'Ashri Rahmawati', 'E611911003', 10, '2019', NULL);
INSERT INTO `mahasiswa` VALUES (248, 'Angga', 'E311911011', 4, '2019', NULL);
INSERT INTO `mahasiswa` VALUES (249, 'Kiki Ismaya', 'E311911016', 4, '2019', NULL);
INSERT INTO `mahasiswa` VALUES (250, 'Lucky Nul Hakim', 'E311911017', 4, '2019', NULL);
INSERT INTO `mahasiswa` VALUES (251, 'Muhammad Maulid Dzaki Fairuz Azzahra', 'E311911018', 4, '2019', NULL);
INSERT INTO `mahasiswa` VALUES (252, 'Muhamad Syamsul Mustopa', 'E311911019', 4, '2019', NULL);
INSERT INTO `mahasiswa` VALUES (253, 'Berta Khairun Nissa', 'E611911004', 10, '2019', NULL);
INSERT INTO `mahasiswa` VALUES (254, 'Muhammad Taufik', 'E311911021', 4, '2019', NULL);
INSERT INTO `mahasiswa` VALUES (255, 'Roby Arnando', 'E311911024', 4, '2019', NULL);
INSERT INTO `mahasiswa` VALUES (256, 'Syifa Azzahra Syailendra', 'E311911027', 4, '2019', NULL);
INSERT INTO `mahasiswa` VALUES (257, 'Dini Sania', 'E611911005', 10, '2019', NULL);
INSERT INTO `mahasiswa` VALUES (258, 'Mirra Amanda Syamsyyah', 'E611911006', 10, '2019', NULL);
INSERT INTO `mahasiswa` VALUES (259, 'Muhammad Faishal Firmansyah', 'E611911007', 10, '2019', NULL);
INSERT INTO `mahasiswa` VALUES (260, 'Reza Anugraha Septiawan', 'E611911008', 10, '2019', NULL);
INSERT INTO `mahasiswa` VALUES (261, 'Riska Indriani', 'E611911009', 10, '2019', NULL);
INSERT INTO `mahasiswa` VALUES (262, 'Slamet', 'E611911010', 10, '2019', NULL);
INSERT INTO `mahasiswa` VALUES (263, 'Tarmiji', 'E611911011', 10, '2019', NULL);
INSERT INTO `mahasiswa` VALUES (264, 'Yumna Meilana', 'E611911012', 10, '2019', NULL);
INSERT INTO `mahasiswa` VALUES (265, 'Adnan Hermawan', 'E711911001', 2, '2019', NULL);
INSERT INTO `mahasiswa` VALUES (266, 'Alya Tresvianty', 'E711911002', 2, '2019', NULL);
INSERT INTO `mahasiswa` VALUES (267, 'Ahmad Beryliumsyah ikmaluddin', 'D111911009', 3, '2019', NULL);
INSERT INTO `mahasiswa` VALUES (268, 'Alsa Nabila Nuraeni', 'D111911011', 3, '2019', NULL);
INSERT INTO `mahasiswa` VALUES (269, 'Bahrun Rohimul Umna', 'D111911020', 3, '2019', NULL);
INSERT INTO `mahasiswa` VALUES (270, 'Euis Hidayanti', 'D111911029', 3, '2019', NULL);
INSERT INTO `mahasiswa` VALUES (271, 'Galang Aljumarten', 'D111911035', 3, '2019', NULL);
INSERT INTO `mahasiswa` VALUES (272, 'Mahdani', 'D111911054', 3, '2019', NULL);
INSERT INTO `mahasiswa` VALUES (273, 'Muhammad Rifqi Rizqi Akbar', 'D111911062', 3, '2019', NULL);
INSERT INTO `mahasiswa` VALUES (274, 'Rio Pidiyanto', 'D111911080', 3, '2019', NULL);
INSERT INTO `mahasiswa` VALUES (275, 'Rizal Muhaimin', 'D111911084', 3, '2019', NULL);
INSERT INTO `mahasiswa` VALUES (276, 'Sipa Siti Saparoh Wahyuni', 'D111911088', 3, '2019', NULL);
INSERT INTO `mahasiswa` VALUES (277, 'Arlin Annisa Ramdaniah', 'E711911003', 2, '2019', NULL);
INSERT INTO `mahasiswa` VALUES (278, 'Somantri Nurjaman', 'D111911089', 3, '2019', NULL);
INSERT INTO `mahasiswa` VALUES (279, 'Surya Setia Alam', 'D111911090', 3, '2019', NULL);
INSERT INTO `mahasiswa` VALUES (280, 'Aulia Zajila', 'E711911004', 2, '2019', NULL);
INSERT INTO `mahasiswa` VALUES (281, 'Dini Sukmawati', 'D111911105', 3, '2019', NULL);
INSERT INTO `mahasiswa` VALUES (282, 'Fitra Algian Rusli', 'D111911106', 3, '2019', NULL);
INSERT INTO `mahasiswa` VALUES (283, 'Hamdan Zaelani', 'D111911107', 3, '2019', NULL);
INSERT INTO `mahasiswa` VALUES (284, 'Muhamad Muliadin', 'D111911109', 3, '2019', NULL);
INSERT INTO `mahasiswa` VALUES (285, 'Shelly Thami L', 'D111911110', 3, '2019', NULL);
INSERT INTO `mahasiswa` VALUES (286, 'Cecep Suryana', 'E711911005', 2, '2019', NULL);
INSERT INTO `mahasiswa` VALUES (287, 'Daffa Maulana Fauzan', 'E711911006', 2, '2019', NULL);
INSERT INTO `mahasiswa` VALUES (288, 'Adelia Salsabila Putri Pramudita', 'D111911006', 3, '2019', NULL);
INSERT INTO `mahasiswa` VALUES (289, 'Andi Ramdani', 'D111911014', 3, '2019', NULL);
INSERT INTO `mahasiswa` VALUES (290, 'Ariiq Mujahid Alfi', 'D111911016', 3, '2019', NULL);
INSERT INTO `mahasiswa` VALUES (291, 'Bahrin Rohimul Umna', 'D111911019', 3, '2019', NULL);
INSERT INTO `mahasiswa` VALUES (292, 'Cica Tiara', 'D111911023', 3, '2019', NULL);
INSERT INTO `mahasiswa` VALUES (293, 'Diah Nur Faridah Hidayat', 'E711911008', 2, '2019', NULL);
INSERT INTO `mahasiswa` VALUES (294, 'Dimas Agung Saputra', 'E711911009', 2, '2019', NULL);
INSERT INTO `mahasiswa` VALUES (295, 'M. Miftah Akramsyah', 'D111911045', 3, '2019', NULL);
INSERT INTO `mahasiswa` VALUES (296, 'Lutfi Ilza Fauzian', 'D111911048', 3, '2019', NULL);
INSERT INTO `mahasiswa` VALUES (297, 'M. Rizky Adrian', 'D111911053', 3, '2019', NULL);
INSERT INTO `mahasiswa` VALUES (298, 'Neisha Amelia', 'D111911065', 3, '2019', NULL);
INSERT INTO `mahasiswa` VALUES (299, 'Nurdin A. Alawiyah', 'D111911068', 3, '2019', NULL);
INSERT INTO `mahasiswa` VALUES (300, 'Rinandi Herdiana', 'D111911075', 3, '2019', NULL);
INSERT INTO `mahasiswa` VALUES (301, 'Revaldi Dwi Octavian', 'D111911076', 3, '2019', NULL);
INSERT INTO `mahasiswa` VALUES (302, 'Widi Fazriani', 'D111911097', 3, '2019', NULL);
INSERT INTO `mahasiswa` VALUES (303, 'Savira Yosita', 'D111911111', 3, '2019', NULL);
INSERT INTO `mahasiswa` VALUES (304, 'Dwi Novi Hermarini', 'E711911010', 2, '2019', NULL);
INSERT INTO `mahasiswa` VALUES (305, 'Friska Dwi Hardini', 'E711911011', 2, '2019', NULL);
INSERT INTO `mahasiswa` VALUES (306, 'Herawati', 'E711911013', 2, '2019', NULL);
INSERT INTO `mahasiswa` VALUES (307, 'Adniansyah', 'D111911007', 3, '2019', NULL);
INSERT INTO `mahasiswa` VALUES (308, 'Agung Himawan', 'D111911008', 3, '2019', NULL);
INSERT INTO `mahasiswa` VALUES (309, 'Asep Koswara', 'D111911017', 3, '2019', NULL);
INSERT INTO `mahasiswa` VALUES (310, 'Dian Rizki Pratama', 'D111911025', 3, '2019', NULL);
INSERT INTO `mahasiswa` VALUES (311, 'Indah Latifah', 'D111911038', 3, '2019', NULL);
INSERT INTO `mahasiswa` VALUES (312, 'M. Ikhsan Kurniawan', 'D111911051', 3, '2019', NULL);
INSERT INTO `mahasiswa` VALUES (313, 'Nicky Astria', 'D111911066', 3, '2019', NULL);
INSERT INTO `mahasiswa` VALUES (314, 'Padel Muhammad Alfarizzy', 'D111911069', 3, '2019', NULL);
INSERT INTO `mahasiswa` VALUES (315, 'Putri Sawitri', 'D111911070', 3, '2019', NULL);
INSERT INTO `mahasiswa` VALUES (316, 'Tasiroh', 'D111911092', 3, '2019', NULL);
INSERT INTO `mahasiswa` VALUES (317, 'Zikri Alamsyah', 'D111911102', 3, '2019', NULL);
INSERT INTO `mahasiswa` VALUES (318, 'Abdul Malik Fajar', 'D111911003', 3, '2019', NULL);
INSERT INTO `mahasiswa` VALUES (319, 'Ananda Syahdama Nasution', 'D111911013', 3, '2019', NULL);
INSERT INTO `mahasiswa` VALUES (320, 'Chandrika Kumara Tungga', 'D111911022', 3, '2019', NULL);
INSERT INTO `mahasiswa` VALUES (321, 'Fahri Ris Ramdhani', 'D111911032', 3, '2019', NULL);
INSERT INTO `mahasiswa` VALUES (322, 'Juan Alam Samsudin', 'D111911041', 3, '2019', NULL);
INSERT INTO `mahasiswa` VALUES (323, 'Masfiah', 'E711911014', 2, '2019', NULL);
INSERT INTO `mahasiswa` VALUES (324, 'Koko Putra Yono', 'D111911044', 3, '2019', NULL);
INSERT INTO `mahasiswa` VALUES (325, 'Luthfi Rizal Nul Fataa', 'D111911050', 3, '2019', NULL);
INSERT INTO `mahasiswa` VALUES (326, 'Muhamad Sopian Pratama', 'D111911058', 3, '2019', NULL);
INSERT INTO `mahasiswa` VALUES (327, 'Moh. Fadhur Setiyawan', 'E711911015', 2, '2019', NULL);
INSERT INTO `mahasiswa` VALUES (328, 'Muhammad Habibi', 'D111911059', 3, '2019', NULL);
INSERT INTO `mahasiswa` VALUES (329, 'Nur Febi Fitriani', 'D111911067', 3, '2019', NULL);
INSERT INTO `mahasiswa` VALUES (330, 'Regi Warlinardi', 'D111911073', 3, '2019', NULL);
INSERT INTO `mahasiswa` VALUES (331, 'Riska Putri Mulyana', 'D111911081', 3, '2019', NULL);
INSERT INTO `mahasiswa` VALUES (332, 'Wawan Setiawan', 'D111911096', 3, '2019', NULL);
INSERT INTO `mahasiswa` VALUES (333, 'Nadila Apriliani', 'E711911016', 2, '2019', NULL);
INSERT INTO `mahasiswa` VALUES (334, 'Nawira Qalbina Salim Alhadar', 'E711911017', 2, '2019', NULL);
INSERT INTO `mahasiswa` VALUES (335, 'Nurul Ulfa Hasanah', 'E711911018', 2, '2019', NULL);
INSERT INTO `mahasiswa` VALUES (336, 'Reza Ainunnisa', 'E711911019', 2, '2019', NULL);
INSERT INTO `mahasiswa` VALUES (337, 'Rina Indriyani', 'E711911020', 2, '2019', NULL);
INSERT INTO `mahasiswa` VALUES (338, 'Romli Darusalam', 'E711911021', 2, '2019', NULL);
INSERT INTO `mahasiswa` VALUES (339, 'Shintya Putri Rahayu', 'E711911022', 2, '2019', NULL);
INSERT INTO `mahasiswa` VALUES (340, 'Siti Amizah Buransa', 'E711911023', 2, '2019', NULL);
INSERT INTO `mahasiswa` VALUES (341, 'Syifa ul Alia', 'E711911025', 2, '2019', NULL);
INSERT INTO `mahasiswa` VALUES (342, 'Tri Suci Ramadhani', 'E711911026', 2, '2019', NULL);
INSERT INTO `mahasiswa` VALUES (343, 'Utami Dwi Lestari', 'E711911027', 2, '2019', NULL);
INSERT INTO `mahasiswa` VALUES (344, 'Wa Jelina', 'E711911028', 2, '2019', NULL);
INSERT INTO `mahasiswa` VALUES (345, 'Wahid Wahyu Hidayat', 'E711911029', 2, '2019', NULL);
INSERT INTO `mahasiswa` VALUES (346, 'Yullia Nur Fauziah', 'E711911030', 2, '2019', NULL);
INSERT INTO `mahasiswa` VALUES (347, 'Alwi Zaki', 'E711911031', 2, '2019', NULL);
INSERT INTO `mahasiswa` VALUES (348, 'Aulia Khairunnisa', 'E711911033', 2, '2019', NULL);
INSERT INTO `mahasiswa` VALUES (349, 'Azza Ilfana', 'E711911034', 2, '2019', NULL);
INSERT INTO `mahasiswa` VALUES (350, 'Chatriya Maulana Ibrahim', 'E711911035', 2, '2019', NULL);
INSERT INTO `mahasiswa` VALUES (351, 'Dewi Sri Rahayu', 'E711911037', 2, '2019', NULL);
INSERT INTO `mahasiswa` VALUES (352, 'Dian Mulyawati', 'E711911038', 2, '2019', NULL);
INSERT INTO `mahasiswa` VALUES (353, 'Dira Canitra Cartiwa', 'E711911039', 2, '2019', NULL);
INSERT INTO `mahasiswa` VALUES (354, 'Feby Tri Andini', 'E711911040', 2, '2019', NULL);
INSERT INTO `mahasiswa` VALUES (355, 'Fury Try Lestary', 'E711911041', 2, '2019', NULL);
INSERT INTO `mahasiswa` VALUES (356, 'Halimatus Sadiyah', 'E711911042', 2, '2019', NULL);
INSERT INTO `mahasiswa` VALUES (357, 'Mahaditha Laela Putri Prawiranegara', 'E711911043', 2, '2019', NULL);
INSERT INTO `mahasiswa` VALUES (358, 'Meli Santika', 'E711911044', 2, '2019', NULL);
INSERT INTO `mahasiswa` VALUES (359, 'Mustika Wafiq Muhtar', 'E711911045', 2, '2019', NULL);
INSERT INTO `mahasiswa` VALUES (360, 'Narisya Nur Intan Paba', 'E711911046', 2, '2019', NULL);
INSERT INTO `mahasiswa` VALUES (361, 'Nurul Aulia Anwar', 'E711911047', 2, '2019', NULL);
INSERT INTO `mahasiswa` VALUES (362, 'Regina Nurkaspita Dewi', 'E711911048', 2, '2019', NULL);
INSERT INTO `mahasiswa` VALUES (363, 'Rianti Meylinda', 'E711911049', 2, '2019', NULL);
INSERT INTO `mahasiswa` VALUES (364, 'Rizaldi Muhammad Ramdhani', 'E711911050', 2, '2019', NULL);
INSERT INTO `mahasiswa` VALUES (365, 'Shaherti Nisa Karomah', 'E711911051', 2, '2019', NULL);
INSERT INTO `mahasiswa` VALUES (366, 'Silvia Suciawati', 'E711911052', 2, '2019', NULL);
INSERT INTO `mahasiswa` VALUES (367, 'Siti Fais Zatul Manggofiro', 'E711911053', 2, '2019', NULL);
INSERT INTO `mahasiswa` VALUES (368, 'Rendi Rustendi', 'E711911054', 2, '2019', NULL);
INSERT INTO `mahasiswa` VALUES (369, 'Tiara Sekar Diva', 'E711911055', 2, '2019', NULL);
INSERT INTO `mahasiswa` VALUES (370, 'Triulandari Indah Pratiwi', 'E711911056', 2, '2019', NULL);
INSERT INTO `mahasiswa` VALUES (371, 'Vina Agustin', 'E711911057', 2, '2019', NULL);
INSERT INTO `mahasiswa` VALUES (372, 'Wa Ode Yayu', 'E711911058', 2, '2019', NULL);
INSERT INTO `mahasiswa` VALUES (373, 'Wahyu Muhamad Adam', 'E711911059', 2, '2019', NULL);
INSERT INTO `mahasiswa` VALUES (374, 'Amelia Augustin Restu Varentha', 'E711921065', 2, '2019', NULL);
INSERT INTO `mahasiswa` VALUES (375, 'Bayu Wibowo', 'E711921066', 2, '2019', NULL);
INSERT INTO `mahasiswa` VALUES (376, 'Gilang Rahmat Permana', 'E711921067', 2, '2019', NULL);
INSERT INTO `mahasiswa` VALUES (377, 'R.A Melia Sri Aryanti', 'E711921068', 2, '2019', NULL);
INSERT INTO `mahasiswa` VALUES (378, 'Reyhan Fasfa Rizky', 'E711921069', 2, '2019', NULL);
INSERT INTO `mahasiswa` VALUES (379, 'Sumarna', 'E711921070', 2, '2019', NULL);
INSERT INTO `mahasiswa` VALUES (380, 'Susan Yuningsih', 'E711921071', 2, '2019', NULL);
INSERT INTO `mahasiswa` VALUES (381, 'Widya Fitriyani DW', 'E711921072', 2, '2019', NULL);
INSERT INTO `mahasiswa` VALUES (382, 'Abdul Hakim Anugrah G', 'E411911001', 9, '2019', NULL);
INSERT INTO `mahasiswa` VALUES (383, 'Agustian Fajar', 'E411911002', 9, '2019', NULL);
INSERT INTO `mahasiswa` VALUES (384, 'Amar Ma\'ruf Nahi Munkar', 'D111921120', 3, '2019', NULL);
INSERT INTO `mahasiswa` VALUES (385, 'Arundina Andhika', 'E411911003', 9, '2019', NULL);
INSERT INTO `mahasiswa` VALUES (386, 'Asep Hidayat', 'D111921121', 3, '2019', NULL);
INSERT INTO `mahasiswa` VALUES (387, 'Akhmad Muhidin', 'D111921122', 3, '2019', NULL);
INSERT INTO `mahasiswa` VALUES (388, 'Fajar Rahmat Naryana', 'E411911004', 9, '2019', NULL);
INSERT INTO `mahasiswa` VALUES (389, 'Harbie Legawa', 'E411911005', 9, '2019', NULL);
INSERT INTO `mahasiswa` VALUES (390, 'Devi Oktaviani', 'D111921123', 3, '2019', NULL);
INSERT INTO `mahasiswa` VALUES (391, 'Muhamad Farhan Reynaldi', 'E411911006', 9, '2019', NULL);
INSERT INTO `mahasiswa` VALUES (392, 'Maulana Akhsan', 'D111921124', 3, '2019', NULL);
INSERT INTO `mahasiswa` VALUES (393, 'Moch. Firas Al Faris', 'D111921125', 3, '2019', NULL);
INSERT INTO `mahasiswa` VALUES (394, 'Toby Rivael Simamora', 'E411911007', 9, '2019', NULL);
INSERT INTO `mahasiswa` VALUES (395, 'Mochamad Iqbal', 'D111921126', 3, '2019', NULL);
INSERT INTO `mahasiswa` VALUES (396, 'Wiki Suprayogi', 'E411911008', 9, '2019', NULL);
INSERT INTO `mahasiswa` VALUES (397, 'Muhammad Fauzan Hilmi', 'D111921127', 3, '2019', NULL);
INSERT INTO `mahasiswa` VALUES (398, 'Pramudhitya Rizky Muhammad Fawzie', 'D111921128', 3, '2019', NULL);
INSERT INTO `mahasiswa` VALUES (399, 'Rifqi Riza Irfansyah', 'D111921129', 3, '2019', NULL);
INSERT INTO `mahasiswa` VALUES (400, 'Rizky Dwi Agustiyanto', 'D111921130', 3, '2019', NULL);
INSERT INTO `mahasiswa` VALUES (401, 'Sidik Pratama', 'D111921131', 3, '2019', NULL);
INSERT INTO `mahasiswa` VALUES (402, 'Siti Rosita', 'D111921132', 3, '2019', NULL);
INSERT INTO `mahasiswa` VALUES (403, 'Angga Direksa', 'E411921030', 9, '2019', NULL);
INSERT INTO `mahasiswa` VALUES (404, 'Wildan Miftahudin', 'D111921135', 3, '2019', NULL);
INSERT INTO `mahasiswa` VALUES (405, 'Taufik Hidayat', 'D111921133', 3, '2019', NULL);
INSERT INTO `mahasiswa` VALUES (406, 'Risman Permana', 'D111921134', 3, '2019', NULL);
INSERT INTO `mahasiswa` VALUES (407, 'Adji Muhaemin Zhuhud', 'E411921031', 9, '2019', NULL);
INSERT INTO `mahasiswa` VALUES (408, 'Eriawan Hidayat', 'D111921136', 3, '2019', NULL);
INSERT INTO `mahasiswa` VALUES (409, 'Hilmi Wildanul', 'D111921137', 3, '2019', NULL);
INSERT INTO `mahasiswa` VALUES (410, 'Mochamad Ilham Lutfi', 'D111921138', 3, '2019', NULL);
INSERT INTO `mahasiswa` VALUES (411, 'Arjun Ibrahim', 'E411921032', 9, '2019', NULL);
INSERT INTO `mahasiswa` VALUES (412, 'Elan Taufik Maulana', 'E411921033', 9, '2019', NULL);
INSERT INTO `mahasiswa` VALUES (413, 'Firgi Maulana', 'E411921034', 9, '2019', NULL);
INSERT INTO `mahasiswa` VALUES (414, 'Gilang Ramdani', 'E411921035', 9, '2019', NULL);
INSERT INTO `mahasiswa` VALUES (415, 'Kunkun Muhamad Nurohman', 'E411921037', 9, '2019', NULL);
INSERT INTO `mahasiswa` VALUES (416, 'Muhammad Iqbal Pratama Putra', 'E411921038', 9, '2019', NULL);
INSERT INTO `mahasiswa` VALUES (417, 'Citra Gita Dewi L.', 'D121911140', 2, '2019', NULL);
INSERT INTO `mahasiswa` VALUES (418, 'Mochammad Nurhuda', 'E411921039', 9, '2019', NULL);
INSERT INTO `mahasiswa` VALUES (419, 'Yudi Gunawan', 'D121911153', 2, '2019', NULL);
INSERT INTO `mahasiswa` VALUES (420, 'Rahmadi', 'D121911150', 2, '2019', NULL);
INSERT INTO `mahasiswa` VALUES (421, 'Rizky Noviandini', 'D121911151', 2, '2019', NULL);
INSERT INTO `mahasiswa` VALUES (422, 'Putri Mawarwati', 'D121911149', 2, '2019', NULL);
INSERT INTO `mahasiswa` VALUES (423, 'Nurdin Oktari', 'D121911147', 2, '2019', NULL);
INSERT INTO `mahasiswa` VALUES (424, 'Monika Sujana Lestari', 'E411921040', 9, '2019', NULL);
INSERT INTO `mahasiswa` VALUES (425, 'Muhammad Nopriansyah Rizki', 'D121911146', 2, '2019', NULL);
INSERT INTO `mahasiswa` VALUES (426, 'M. Aidil Fitriansyah', 'D121911145', 2, '2019', NULL);
INSERT INTO `mahasiswa` VALUES (427, 'Kurnia Gusti Ramadan', 'D121911142', 2, '2019', NULL);
INSERT INTO `mahasiswa` VALUES (428, 'Muchammad Baharudin', 'E411921041', 9, '2019', NULL);
INSERT INTO `mahasiswa` VALUES (429, 'Muhamad Aldi Baehaqi', 'E411921042', 9, '2019', NULL);
INSERT INTO `mahasiswa` VALUES (430, 'Firda Astri Faizati', 'D121911141', 2, '2019', NULL);
INSERT INTO `mahasiswa` VALUES (431, 'L.M. Risal', 'D121911143', 2, '2019', NULL);
INSERT INTO `mahasiswa` VALUES (432, 'Laurentia Yuniati Sareng', 'D121911144', 2, '2019', NULL);
INSERT INTO `mahasiswa` VALUES (433, 'Putri Ayu Lestari', 'D121911148', 2, '2019', NULL);
INSERT INTO `mahasiswa` VALUES (434, 'Muhamad Fadly Maulana', 'E411921043', 9, '2019', NULL);
INSERT INTO `mahasiswa` VALUES (435, 'Salma Thania Budianie', 'D121911152', 2, '2019', NULL);
INSERT INTO `mahasiswa` VALUES (436, 'Yulia Oktasa', 'D121911154', 2, '2019', NULL);
INSERT INTO `mahasiswa` VALUES (437, 'Rinaldi', 'E411921044', 9, '2019', NULL);
INSERT INTO `mahasiswa` VALUES (438, 'Rizaldi Kurniawan', 'E411921045', 9, '2019', NULL);
INSERT INTO `mahasiswa` VALUES (439, 'Syuhud Sujudi Nur Ihsan', 'E411921046', 9, '2019', NULL);
INSERT INTO `mahasiswa` VALUES (440, 'Yoga Pratama', 'E411921047', 9, '2019', NULL);
INSERT INTO `mahasiswa` VALUES (441, 'Fajar Fauzan', 'E411921048', 9, '2019', NULL);
INSERT INTO `mahasiswa` VALUES (442, 'Adam Akbar Syafe\'i', 'D411911002', 12, '2019', NULL);
INSERT INTO `mahasiswa` VALUES (443, 'Agis Saepul Makmur', 'D411911003', 12, '2019', NULL);
INSERT INTO `mahasiswa` VALUES (444, 'Dendra Gunawan Saputra', 'D411911004', 12, '2019', NULL);
INSERT INTO `mahasiswa` VALUES (445, 'Ari Bahtiar', 'D411911005', 12, '2019', NULL);
INSERT INTO `mahasiswa` VALUES (446, 'Arwandi', 'D411911006', 12, '2019', NULL);
INSERT INTO `mahasiswa` VALUES (447, 'Fadhil Fauzan', 'D411911007', 12, '2019', NULL);
INSERT INTO `mahasiswa` VALUES (448, 'Asya Novianti Pratiwi Setiawan', 'E111911001', 7, '2019', NULL);
INSERT INTO `mahasiswa` VALUES (449, 'Cecep Bagas Hidayatulloh', 'E111911002', 7, '2019', NULL);
INSERT INTO `mahasiswa` VALUES (450, 'Faris Khoiri Wahyudin', 'D411911008', 12, '2019', NULL);
INSERT INTO `mahasiswa` VALUES (451, 'Dimas Dwi Nuchahyo', 'E111911003', 7, '2019', NULL);
INSERT INTO `mahasiswa` VALUES (452, 'Dipa Karunia Pranadewi', 'E111911004', 7, '2019', NULL);
INSERT INTO `mahasiswa` VALUES (453, 'Dipa Nuriyansyah', 'E111911005', 7, '2019', NULL);
INSERT INTO `mahasiswa` VALUES (454, 'Fattaahku Muhammad Rossi', 'D411911009', 12, '2019', NULL);
INSERT INTO `mahasiswa` VALUES (455, 'Ghina Andika Rahmat', 'E111911006', 7, '2019', NULL);
INSERT INTO `mahasiswa` VALUES (456, 'Hitna Dewi', 'E111911008', 7, '2019', NULL);
INSERT INTO `mahasiswa` VALUES (457, 'Gilang Ahmad Mutaqin', 'D411911010', 12, '2019', NULL);
INSERT INTO `mahasiswa` VALUES (458, 'Mochamad Ilham Nurochman', 'E111911009', 7, '2019', NULL);
INSERT INTO `mahasiswa` VALUES (459, 'Jajuliana', 'D411911011', 12, '2019', NULL);
INSERT INTO `mahasiswa` VALUES (460, 'Nur Fauzi', 'E111911010', 7, '2019', NULL);
INSERT INTO `mahasiswa` VALUES (461, 'Kusna Ervan Sanjaya', 'D411911012', 12, '2019', NULL);
INSERT INTO `mahasiswa` VALUES (462, 'Rina Oktaviani', 'E111911011', 7, '2019', NULL);
INSERT INTO `mahasiswa` VALUES (463, 'Riska Novianti', 'E111911012', 7, '2019', NULL);
INSERT INTO `mahasiswa` VALUES (464, 'Sabrina Sahri Rahmadayanti', 'E111911013', 7, '2019', NULL);
INSERT INTO `mahasiswa` VALUES (465, 'Sani Wahidiani', 'E111911014', 7, '2019', NULL);
INSERT INTO `mahasiswa` VALUES (466, 'Syahrul Khoerudin', 'E111911016', 7, '2019', NULL);
INSERT INTO `mahasiswa` VALUES (467, 'Mochamad Nur Akbar Al Hadi', 'D411911013', 12, '2019', NULL);
INSERT INTO `mahasiswa` VALUES (468, 'Sinta Rospita Sari', 'E111911015', 7, '2019', NULL);
INSERT INTO `mahasiswa` VALUES (469, 'Muhamad Deriyana Mufid Nugraha', 'D411911014', 12, '2019', NULL);
INSERT INTO `mahasiswa` VALUES (470, 'Muhammad Ikhsan Faturachman', 'D411911001', 12, '2019', NULL);
INSERT INTO `mahasiswa` VALUES (471, 'Muhammad Ikhsan Faturachman', 'D411911015', 12, '2019', NULL);
INSERT INTO `mahasiswa` VALUES (472, 'Muhammad David Pratama', 'D411911016', 12, '2019', NULL);
INSERT INTO `mahasiswa` VALUES (473, 'Muhammad Faris Mujahid', 'D411911017', 12, '2019', NULL);
INSERT INTO `mahasiswa` VALUES (474, 'Muhammad Syahiir', 'D411911018', 12, '2019', NULL);
INSERT INTO `mahasiswa` VALUES (475, 'Rangga Nurwanto', 'D411911020', 12, '2019', NULL);
INSERT INTO `mahasiswa` VALUES (476, 'Renal Fadilah', 'D411911021', 12, '2019', NULL);
INSERT INTO `mahasiswa` VALUES (477, 'Ryan Ramdani', 'D411911022', 12, '2019', NULL);
INSERT INTO `mahasiswa` VALUES (478, 'Silvia Citra Ananda', 'D411911023', 12, '2019', NULL);
INSERT INTO `mahasiswa` VALUES (479, 'Siti Robiatul Adawiyah', 'D411911024', 12, '2019', NULL);
INSERT INTO `mahasiswa` VALUES (480, 'Yudistira', 'D411911025', 12, '2019', NULL);
INSERT INTO `mahasiswa` VALUES (481, 'Jesshy Febiyani', 'D211921101', 11, '2019', NULL);
INSERT INTO `mahasiswa` VALUES (482, 'Zulfikar Ali Akbar', 'D411911026', 12, '2019', NULL);
INSERT INTO `mahasiswa` VALUES (483, 'Tsaniya Nurul Fitriani', 'D211911072', 11, '2019', NULL);
INSERT INTO `mahasiswa` VALUES (484, 'Titin Kurnia', 'D211911071', 11, '2019', NULL);
INSERT INTO `mahasiswa` VALUES (485, 'Tita Maida Sari', 'D211911070', 11, '2019', NULL);
INSERT INTO `mahasiswa` VALUES (486, 'Teguh Mahendra', 'D211911066', 11, '2019', NULL);
INSERT INTO `mahasiswa` VALUES (487, 'Tasya Amelia Puspasari', 'D211921100', 11, '2019', NULL);
INSERT INTO `mahasiswa` VALUES (488, 'Siti Sopira Aulia Rohmah', 'D211911064', 11, '2019', NULL);
INSERT INTO `mahasiswa` VALUES (489, 'Siti Hadiana Pratiwi', 'D211911062', 11, '2019', NULL);
INSERT INTO `mahasiswa` VALUES (490, 'Sita Azka Fibri Firdaus', 'D211911060', 11, '2019', NULL);
INSERT INTO `mahasiswa` VALUES (491, 'Santika Oktaviolia Sandi', 'D211921099', 11, '2019', NULL);
INSERT INTO `mahasiswa` VALUES (492, 'Rosyid Rusdiyanto', 'D211921098', 11, '2019', NULL);
INSERT INTO `mahasiswa` VALUES (493, 'Risti Oktavia', 'D211911056', 11, '2019', NULL);
INSERT INTO `mahasiswa` VALUES (494, 'Riska Permata Sari', 'D211911054', 11, '2019', NULL);
INSERT INTO `mahasiswa` VALUES (495, 'Muhammad Taufik Hidayat', 'D211911045', 11, '2019', NULL);
INSERT INTO `mahasiswa` VALUES (496, 'Muhammad Rafli Alif', 'D211911043', 11, '2019', NULL);
INSERT INTO `mahasiswa` VALUES (497, 'Muhammad Fachrul Azam', 'D211911040', 11, '2019', NULL);
INSERT INTO `mahasiswa` VALUES (498, 'Heri Intan Agusetiowati', 'D211921096', 11, '2019', NULL);
INSERT INTO `mahasiswa` VALUES (499, 'Ismi Siti Nur Fatchiyah', 'D211911036', 11, '2019', NULL);
INSERT INTO `mahasiswa` VALUES (500, 'Intan Tarisa Septiani', 'D211911035', 11, '2019', NULL);
INSERT INTO `mahasiswa` VALUES (501, 'Imas Cahyati', 'D211911032', 11, '2019', NULL);
INSERT INTO `mahasiswa` VALUES (502, 'Hildan Zaelani Yulianto', 'D211911029', 11, '2019', NULL);
INSERT INTO `mahasiswa` VALUES (503, 'Ikhwan Abdilla Putra Sugiarto', 'D211911031', 11, '2019', NULL);
INSERT INTO `mahasiswa` VALUES (504, 'Fadhilah Rahman', 'D211911022', 11, '2019', NULL);
INSERT INTO `mahasiswa` VALUES (505, 'Ely Lorenza Br Surbakti', 'D211911020', 11, '2019', NULL);
INSERT INTO `mahasiswa` VALUES (506, 'Dede Surya Rizki', 'D211911017', 11, '2019', NULL);
INSERT INTO `mahasiswa` VALUES (507, 'Astrio Anan Dulhaji', 'D211911014', 11, '2019', NULL);
INSERT INTO `mahasiswa` VALUES (508, 'Audy Atirah', 'D211911015', 11, '2019', NULL);
INSERT INTO `mahasiswa` VALUES (509, 'Arif Rahman Hakim', 'D211911011', 11, '2019', NULL);
INSERT INTO `mahasiswa` VALUES (510, 'Annisa Dwiyanti', 'D211911008', 11, '2019', NULL);
INSERT INTO `mahasiswa` VALUES (511, 'Ami Nuraeni', 'D211921095', 11, '2019', NULL);
INSERT INTO `mahasiswa` VALUES (512, 'Amalia Nur Fauziah', 'D211911006', 11, '2019', NULL);
INSERT INTO `mahasiswa` VALUES (513, 'Akbar Sudiana', 'D211911004', 11, '2019', NULL);
INSERT INTO `mahasiswa` VALUES (514, 'Rizky Dony Rasyid', 'D211911025', 11, '2019', NULL);
INSERT INTO `mahasiswa` VALUES (515, 'Hias Fitriani Tilawah', 'D211911028', 11, '2019', NULL);
INSERT INTO `mahasiswa` VALUES (516, 'Muhammad Taufik Hidayat', 'D211921097', 11, '2019', NULL);
INSERT INTO `mahasiswa` VALUES (517, 'Adhitya Pratama', 'D411911029', 12, '2019', NULL);
INSERT INTO `mahasiswa` VALUES (518, 'Akbar Setiawan', 'D411911032', 12, '2019', NULL);
INSERT INTO `mahasiswa` VALUES (519, 'Fajrian Nanda Dwi Rezky', 'D411911036', 12, '2019', NULL);
INSERT INTO `mahasiswa` VALUES (520, 'Irwanto Maulana', 'D411911040', 12, '2019', NULL);
INSERT INTO `mahasiswa` VALUES (521, 'Moch Hifky', 'D411911042', 12, '2019', NULL);
INSERT INTO `mahasiswa` VALUES (522, 'Muhamad Rasidin', 'D411911044', 12, '2019', NULL);
INSERT INTO `mahasiswa` VALUES (523, 'Rangga Permana', 'D411911048', 12, '2019', NULL);
INSERT INTO `mahasiswa` VALUES (524, 'Randi Febri Setiana', 'D411911047', 12, '2019', NULL);
INSERT INTO `mahasiswa` VALUES (525, 'Sultan Hanif Pradana', 'D411911052', 12, '2019', NULL);
INSERT INTO `mahasiswa` VALUES (526, 'Aji Septaji', 'D411911031', 12, '2019', NULL);
INSERT INTO `mahasiswa` VALUES (527, 'Aldi Prasetyo', 'D411911033', 12, '2019', NULL);
INSERT INTO `mahasiswa` VALUES (528, 'Alinurdin Juniardi', 'D411911034', 12, '2019', NULL);
INSERT INTO `mahasiswa` VALUES (529, 'Hamdan Abdilah Muthi', 'D411911037', 12, '2019', NULL);
INSERT INTO `mahasiswa` VALUES (530, 'Ilham', 'D411911038', 12, '2019', NULL);
INSERT INTO `mahasiswa` VALUES (531, 'Irwan Hardiansyah', 'D411911039', 12, '2019', NULL);
INSERT INTO `mahasiswa` VALUES (532, 'Mahmudin Yusup', 'D411911041', 12, '2019', NULL);
INSERT INTO `mahasiswa` VALUES (533, 'Putri Mariana Caresta', 'D411911046', 12, '2019', NULL);
INSERT INTO `mahasiswa` VALUES (534, 'Ridwan', 'D411911049', 12, '2019', NULL);
INSERT INTO `mahasiswa` VALUES (535, 'Rifal Ulumudin Jumhur', 'D411911050', 12, '2019', NULL);
INSERT INTO `mahasiswa` VALUES (536, 'Sabihisma Robby Yusra', 'D411911051', 12, '2019', NULL);
INSERT INTO `mahasiswa` VALUES (537, 'Tazkya Aulia Rahmah', 'D411911053', 12, '2019', NULL);
INSERT INTO `mahasiswa` VALUES (538, 'Zahra Zakiyannisa', 'D411911054', 12, '2019', NULL);
INSERT INTO `mahasiswa` VALUES (539, 'Riki Sutanto', 'D411911055', 12, '2019', NULL);
INSERT INTO `mahasiswa` VALUES (540, 'Herdian Maulana', 'D411911056', 12, '2019', NULL);
INSERT INTO `mahasiswa` VALUES (541, 'Aditya Pratama', 'D411921060', 12, '2019', NULL);
INSERT INTO `mahasiswa` VALUES (542, 'Andriana Syahrullah Darmawan', 'D411921061', 12, '2019', NULL);
INSERT INTO `mahasiswa` VALUES (543, 'Fathan Mubina', 'D411921062', 12, '2019', NULL);
INSERT INTO `mahasiswa` VALUES (544, 'Handoko Muji Prabowo', 'D411921063', 12, '2019', NULL);
INSERT INTO `mahasiswa` VALUES (545, 'Muhamad Fauzi Nursafa\'ad', 'D411921064', 12, '2019', NULL);
INSERT INTO `mahasiswa` VALUES (546, 'Mochamad Bobby Rustyadi', 'D411921065', 12, '2019', NULL);
INSERT INTO `mahasiswa` VALUES (547, 'Mohamad Rifki Rabani', 'D411921066', 12, '2019', NULL);
INSERT INTO `mahasiswa` VALUES (548, 'Sukma Maulana', 'D411921068', 12, '2019', NULL);
INSERT INTO `mahasiswa` VALUES (549, 'Ragil Faiq Nauval Rizqillah', 'D411921067', 12, '2019', NULL);
INSERT INTO `mahasiswa` VALUES (550, 'Adinda Putri Khairunisa', 'D211911001', 11, '2019', NULL);
INSERT INTO `mahasiswa` VALUES (551, 'Asep Ahmad Alawi', 'D211911013', 11, '2019', NULL);
INSERT INTO `mahasiswa` VALUES (552, 'Devi Risdayanti', 'D211911018', 11, '2019', NULL);
INSERT INTO `mahasiswa` VALUES (553, 'Fitriyani', 'D211911024', 11, '2019', NULL);
INSERT INTO `mahasiswa` VALUES (554, 'Hestiawati', 'D211911027', 11, '2019', NULL);
INSERT INTO `mahasiswa` VALUES (555, 'Ludini Sri Rahayu', 'D211911037', 11, '2019', NULL);
INSERT INTO `mahasiswa` VALUES (556, 'Mita Sofiana', 'D211911039', 11, '2019', NULL);
INSERT INTO `mahasiswa` VALUES (557, 'Muhammad Rizki Raidan', 'D211911044', 11, '2019', NULL);
INSERT INTO `mahasiswa` VALUES (558, 'Nadiawati', 'D211911046', 11, '2019', NULL);
INSERT INTO `mahasiswa` VALUES (559, 'Shara Syifa Salsabila', 'D211911050', 11, '2019', NULL);
INSERT INTO `mahasiswa` VALUES (560, 'Revina Adila Fitriani', 'D211911052', 11, '2019', NULL);
INSERT INTO `mahasiswa` VALUES (561, 'Risma Saragina', 'D211911055', 11, '2019', NULL);
INSERT INTO `mahasiswa` VALUES (562, 'Rosa Wizdan', 'D211911058', 11, '2019', NULL);
INSERT INTO `mahasiswa` VALUES (563, 'Siti Fatimah Nataresmi', 'D211911061', 11, '2019', NULL);
INSERT INTO `mahasiswa` VALUES (564, 'Sofy Saesarani', 'D211911065', 11, '2019', NULL);
INSERT INTO `mahasiswa` VALUES (565, 'Tiara Asya Ardhani', 'D211911068', 11, '2019', NULL);
INSERT INTO `mahasiswa` VALUES (566, 'Ulfiarti', 'D211911073', 11, '2019', NULL);
INSERT INTO `mahasiswa` VALUES (567, 'Wa Yusna', 'D211911075', 11, '2019', NULL);
INSERT INTO `mahasiswa` VALUES (568, 'Wina Anggraeni', 'D211911077', 11, '2019', NULL);
INSERT INTO `mahasiswa` VALUES (569, 'Yesih', 'D211911079', 11, '2019', NULL);
INSERT INTO `mahasiswa` VALUES (570, 'Zulfa Sita Nur Kamilah', 'D211911081', 11, '2019', NULL);
INSERT INTO `mahasiswa` VALUES (571, 'Agnes Siti Kulsum', 'D211911002', 11, '2019', NULL);
INSERT INTO `mahasiswa` VALUES (572, 'Alfiatul Azhar', 'D211911005', 11, '2019', NULL);
INSERT INTO `mahasiswa` VALUES (573, 'Apni Apriani Pridana', 'D211911009', 11, '2019', NULL);
INSERT INTO `mahasiswa` VALUES (574, 'Aris Marlinton', 'D211911012', 11, '2019', NULL);
INSERT INTO `mahasiswa` VALUES (575, 'Ayu Wandini Casmining Puri', 'D211911016', 11, '2019', NULL);
INSERT INTO `mahasiswa` VALUES (576, 'Dwi Ningrum Anggraeni', 'D211911019', 11, '2019', NULL);
INSERT INTO `mahasiswa` VALUES (577, 'Faturrahman Mohammad Qori', 'D211911023', 11, '2019', NULL);
INSERT INTO `mahasiswa` VALUES (578, 'Hufiani', 'D211911030', 11, '2019', NULL);
INSERT INTO `mahasiswa` VALUES (579, 'Maya Eka Prihatiningsih', 'D211911034', 11, '2019', NULL);
INSERT INTO `mahasiswa` VALUES (580, 'Mathori Abdurrahman', 'D211911038', 11, '2019', NULL);
INSERT INTO `mahasiswa` VALUES (581, 'Muhammad Lukman Sudrajat', 'D211911041', 11, '2019', NULL);
INSERT INTO `mahasiswa` VALUES (582, 'Muhammad Milzam Al-haq', 'D211911042', 11, '2019', NULL);
INSERT INTO `mahasiswa` VALUES (583, 'Nisa Oktavia', 'D211911047', 11, '2019', NULL);
INSERT INTO `mahasiswa` VALUES (584, 'Rika Nurtiyana', 'D211911053', 11, '2019', NULL);
INSERT INTO `mahasiswa` VALUES (585, 'Risman Hardi Rustandi', 'D211911057', 11, '2019', NULL);
INSERT INTO `mahasiswa` VALUES (586, 'Siti Rohmawati', 'D211911063', 11, '2019', NULL);
INSERT INTO `mahasiswa` VALUES (587, 'Tenny Pratiwi', 'D211911067', 11, '2019', NULL);
INSERT INTO `mahasiswa` VALUES (588, 'Tita Indriyani', 'D211911069', 11, '2019', NULL);
INSERT INTO `mahasiswa` VALUES (589, 'Vina Rahayu', 'D211911074', 11, '2019', NULL);
INSERT INTO `mahasiswa` VALUES (590, 'Winda Priyani', 'D211911078', 11, '2019', NULL);
INSERT INTO `mahasiswa` VALUES (591, 'Yola Regina Novalitha', 'D211911080', 11, '2019', NULL);
INSERT INTO `mahasiswa` VALUES (592, 'Yoga Putra Pangestu', 'E521911093', 5, '2019', NULL);
INSERT INTO `mahasiswa` VALUES (593, 'Ibrahim', 'D111911112', 3, '2019', NULL);
INSERT INTO `mahasiswa` VALUES (594, 'Ahmad Hasan Mudzakir', 'D311911045', 6, '2019', NULL);
INSERT INTO `mahasiswa` VALUES (595, 'David Andriansyah', 'D311911060', 6, '2019', NULL);
INSERT INTO `mahasiswa` VALUES (596, 'Baim Pratama', 'D311911007', 6, '2019', NULL);
INSERT INTO `mahasiswa` VALUES (597, 'Chellysia Virelda Putri', 'D311911010', 6, '2019', NULL);
INSERT INTO `mahasiswa` VALUES (598, 'Deo Fandy', 'D311911011', 6, '2019', NULL);
INSERT INTO `mahasiswa` VALUES (599, 'Fauzan Alqodari', 'D311911014', 6, '2019', NULL);
INSERT INTO `mahasiswa` VALUES (600, 'Kelvin Aldino Wijaya', 'D311911018', 6, '2019', NULL);
INSERT INTO `mahasiswa` VALUES (601, 'Adis Mochamad Furqaan Nugroho', 'D311911019', 6, '2019', NULL);
INSERT INTO `mahasiswa` VALUES (602, 'Maya Andinie', 'D311911020', 6, '2019', NULL);
INSERT INTO `mahasiswa` VALUES (603, 'Meisani Anggraeni Rizki', 'D311911021', 6, '2019', NULL);
INSERT INTO `mahasiswa` VALUES (604, 'Muhammad Farhan', 'D311911023', 6, '2019', NULL);
INSERT INTO `mahasiswa` VALUES (605, 'Muhammad Kisan Basyari', 'D311911024', 6, '2019', NULL);
INSERT INTO `mahasiswa` VALUES (606, 'Muhammad Reza Setiawan', 'D311911026', 6, '2019', NULL);
INSERT INTO `mahasiswa` VALUES (607, 'Fuji Pertiwi', 'D311911028', 6, '2019', NULL);
INSERT INTO `mahasiswa` VALUES (608, 'Rida Rahmawati', 'D311911029', 6, '2019', NULL);
INSERT INTO `mahasiswa` VALUES (609, 'Rifqi Marjuki', 'D311911030', 6, '2019', NULL);
INSERT INTO `mahasiswa` VALUES (610, 'Slamet Riyadi', 'D311911031', 6, '2019', NULL);
INSERT INTO `mahasiswa` VALUES (611, 'Suryanto', 'D311911032', 6, '2019', NULL);
INSERT INTO `mahasiswa` VALUES (612, 'Wakil Ismilliazar Putra', 'D311911033', 6, '2019', NULL);
INSERT INTO `mahasiswa` VALUES (613, 'Fatima Tuzzahro', 'D321911004', 6, '2019', NULL);
INSERT INTO `mahasiswa` VALUES (614, 'Ilham Ardiansyah Kurnia Saprudin', 'D321911006', 6, '2019', NULL);
INSERT INTO `mahasiswa` VALUES (615, 'Lovenia Hellena A.D.', 'D321911007', 6, '2019', NULL);
INSERT INTO `mahasiswa` VALUES (616, 'Muhamad Iqbal', 'D321911010', 6, '2019', NULL);
INSERT INTO `mahasiswa` VALUES (617, 'Nandang Nurhidayat', 'D321911012', 6, '2019', NULL);
INSERT INTO `mahasiswa` VALUES (618, 'Salman Alfarizy', 'D321911015', 6, '2019', NULL);
INSERT INTO `mahasiswa` VALUES (619, 'Silmi Mawali Mualim', 'D321911016', 6, '2019', NULL);
INSERT INTO `mahasiswa` VALUES (620, 'Siti Halimah', 'D321911017', 6, '2019', NULL);
INSERT INTO `mahasiswa` VALUES (621, 'Yoga Aditama Darmawan', 'D321911018', 6, '2019', NULL);
INSERT INTO `mahasiswa` VALUES (622, 'Yuli Astutiana', 'D321911019', 6, '2019', NULL);
INSERT INTO `mahasiswa` VALUES (623, 'Firqi Arfiyan Adha', 'D511911015', 1, '2019', NULL);
INSERT INTO `mahasiswa` VALUES (624, 'Muh. Ziarwin', 'E521911056', 5, '2019', NULL);
INSERT INTO `mahasiswa` VALUES (625, 'Rian', 'E521911076', 5, '2019', NULL);
INSERT INTO `mahasiswa` VALUES (626, 'Joshua Simangunsong', 'E521911096', 5, '2019', NULL);
INSERT INTO `mahasiswa` VALUES (627, 'Dimas Wahyu Purnama', 'E521911026', 5, '2019', NULL);
INSERT INTO `mahasiswa` VALUES (628, 'Akhmad Farhan', 'E521911005', 5, '2019', NULL);
INSERT INTO `mahasiswa` VALUES (629, 'Muhammad Rizal Nurohman', 'E521911095', 5, '2019', NULL);
INSERT INTO `mahasiswa` VALUES (630, 'Isa Istito\'ah', 'E311911028', 4, '2019', NULL);
INSERT INTO `mahasiswa` VALUES (631, 'Khairul M.Nasir', 'D111921139', 3, '2019', NULL);
INSERT INTO `mahasiswa` VALUES (632, 'Agung Rahmatul K.H.', 'D111911142', 3, '2019', NULL);
INSERT INTO `mahasiswa` VALUES (633, 'Alfin Rizki', 'D111911143', 3, '2019', NULL);
INSERT INTO `mahasiswa` VALUES (634, 'Ari M. Setiawan', 'D111911144', 3, '2019', NULL);
INSERT INTO `mahasiswa` VALUES (635, 'Asep Dimas Sabilillah', 'D111911145', 3, '2019', NULL);
INSERT INTO `mahasiswa` VALUES (636, 'Bulan Maulida Islami', 'D111911146', 3, '2019', NULL);
INSERT INTO `mahasiswa` VALUES (637, 'Deden Yogi Sumpena', 'D111911147', 3, '2019', NULL);
INSERT INTO `mahasiswa` VALUES (638, 'Diky Juliadi', 'D111911148', 3, '2019', NULL);
INSERT INTO `mahasiswa` VALUES (639, 'Dini Juwita H.', 'D111911149', 3, '2019', NULL);
INSERT INTO `mahasiswa` VALUES (640, 'Duvan Anwari', 'D111911150', 3, '2019', NULL);
INSERT INTO `mahasiswa` VALUES (641, 'Egi Priadi Pratama', 'D111911151', 3, '2019', NULL);
INSERT INTO `mahasiswa` VALUES (642, 'Evi Samsudin', 'D111911152', 3, '2019', NULL);
INSERT INTO `mahasiswa` VALUES (643, 'Fitriani Agustina', 'D111911153', 3, '2019', NULL);
INSERT INTO `mahasiswa` VALUES (644, 'Gustyan Hidayat', 'D111911154', 3, '2019', NULL);
INSERT INTO `mahasiswa` VALUES (645, 'Halbiansyah', 'D111911155', 3, '2019', NULL);
INSERT INTO `mahasiswa` VALUES (646, 'Hari Nispu Munandar', 'D111911156', 3, '2019', NULL);
INSERT INTO `mahasiswa` VALUES (647, 'Hasni Saniah', 'D111911157', 3, '2019', NULL);
INSERT INTO `mahasiswa` VALUES (648, 'Jeni Mulyana', 'D111911158', 3, '2019', NULL);
INSERT INTO `mahasiswa` VALUES (649, 'Muhammad Farhan', 'D111911159', 3, '2019', NULL);
INSERT INTO `mahasiswa` VALUES (650, 'Muhamad Yusup Ahmad Patoni', 'D111911160', 3, '2019', NULL);
INSERT INTO `mahasiswa` VALUES (651, 'Neng Susilawati', 'D111911161', 3, '2019', NULL);
INSERT INTO `mahasiswa` VALUES (652, 'Ovi Taufiq Rashydi', 'D111911162', 3, '2019', NULL);
INSERT INTO `mahasiswa` VALUES (653, 'Riana Siti Nur Ainun', 'D111911163', 3, '2019', NULL);
INSERT INTO `mahasiswa` VALUES (654, 'Rina Siti Mariam', 'D111911164', 3, '2019', NULL);
INSERT INTO `mahasiswa` VALUES (655, 'Roni Abdur Rohim', 'D111911165', 3, '2019', NULL);
INSERT INTO `mahasiswa` VALUES (656, 'Ulfa Nurhasanah', 'D111911166', 3, '2019', NULL);
INSERT INTO `mahasiswa` VALUES (657, 'Winangsih', 'D111911167', 3, '2019', NULL);
INSERT INTO `mahasiswa` VALUES (658, 'Yayas Nabiah', 'D111911168', 3, '2019', NULL);
INSERT INTO `mahasiswa` VALUES (659, 'Yudo Vidiasyah', 'D111911169', 3, '2019', NULL);
INSERT INTO `mahasiswa` VALUES (660, 'Yulani', 'D111911170', 3, '2019', NULL);
INSERT INTO `mahasiswa` VALUES (661, 'Yuliantini', 'D111911171', 3, '2019', NULL);
INSERT INTO `mahasiswa` VALUES (662, 'Ade Mahadiansyah', 'E312011001', 4, '2020', NULL);
INSERT INTO `mahasiswa` VALUES (663, 'Aldiofel Gamaliel', 'E312011003', 4, '2020', NULL);
INSERT INTO `mahasiswa` VALUES (664, 'Alien Nuraeni', 'E312011004', 4, '2020', NULL);
INSERT INTO `mahasiswa` VALUES (665, 'Ana Yuliana', 'E312011005', 4, '2020', NULL);
INSERT INTO `mahasiswa` VALUES (666, 'Indra Gunawan', 'E312011006', 4, '2020', NULL);
INSERT INTO `mahasiswa` VALUES (667, 'Juan Akbar Indrian', 'E312011007', 4, '2020', NULL);
INSERT INTO `mahasiswa` VALUES (668, 'Muhamad', 'E312011008', 4, '2020', NULL);
INSERT INTO `mahasiswa` VALUES (669, 'Muhammad Alfi Sentana', 'E312011009', 4, '2020', NULL);
INSERT INTO `mahasiswa` VALUES (670, 'Muhammad Satrio Bawono Aji', 'E312011011', 4, '2020', NULL);
INSERT INTO `mahasiswa` VALUES (671, 'Muhammad Yusuf Gunawan', 'E312011012', 4, '2020', NULL);
INSERT INTO `mahasiswa` VALUES (672, 'Nurlatifah', 'E312011013', 4, '2020', NULL);
INSERT INTO `mahasiswa` VALUES (673, 'Rizki Anggara', 'E312011014', 4, '2020', NULL);
INSERT INTO `mahasiswa` VALUES (674, 'Surya Putra', 'E312011015', 4, '2020', NULL);
INSERT INTO `mahasiswa` VALUES (675, 'Titi Noviyanti', 'E312011016', 4, '2020', NULL);
INSERT INTO `mahasiswa` VALUES (676, 'Wahyu Nurhakim Nst', 'E312011017', 4, '2020', NULL);
INSERT INTO `mahasiswa` VALUES (677, 'Yoga Mulya Kusuma', 'E312011018', 4, '2020', NULL);
INSERT INTO `mahasiswa` VALUES (678, 'Zaenal Abidin Abdilah', 'E312011019', 4, '2020', NULL);
INSERT INTO `mahasiswa` VALUES (679, 'Abdullah Fatah Umar', 'E312011020', 4, '2020', NULL);
INSERT INTO `mahasiswa` VALUES (680, 'Berlian Septiani', 'E312011021', 4, '2020', NULL);
INSERT INTO `mahasiswa` VALUES (681, 'Ella Resti Cahyani', 'E312011022', 4, '2020', NULL);
INSERT INTO `mahasiswa` VALUES (682, 'Junaedi Purnawan', 'E312011023', 4, '2020', NULL);
INSERT INTO `mahasiswa` VALUES (683, 'Maulana Fadjar Siddiq', 'E312011024', 4, '2020', NULL);
INSERT INTO `mahasiswa` VALUES (684, 'Mochamad Derrialdi Saputra', 'E312011025', 4, '2020', NULL);
INSERT INTO `mahasiswa` VALUES (685, 'Muhamad Azizy', 'E312011026', 4, '2020', NULL);
INSERT INTO `mahasiswa` VALUES (686, 'Panji Bayu Baskoro', 'E312011027', 4, '2020', NULL);
INSERT INTO `mahasiswa` VALUES (687, 'Rifat Ahmad Budiman', 'E312011028', 4, '2020', NULL);
INSERT INTO `mahasiswa` VALUES (688, 'Rifqi Anugrah', 'E312011029', 4, '2020', NULL);
INSERT INTO `mahasiswa` VALUES (689, 'Rinaldi Rizky Fauzan', 'E312011030', 4, '2020', NULL);
INSERT INTO `mahasiswa` VALUES (690, 'Sri Delvi Rahmawati', 'E312011031', 4, '2020', NULL);
INSERT INTO `mahasiswa` VALUES (691, 'Wiluthfiazmi Allaudin', 'E312011032', 4, '2020', NULL);
INSERT INTO `mahasiswa` VALUES (692, 'Alip Bagja Nur Ilahi', 'E112011001', 7, '2020', NULL);
INSERT INTO `mahasiswa` VALUES (693, 'Amelia Rizky Maulani', 'E112011002', 7, '2020', NULL);
INSERT INTO `mahasiswa` VALUES (694, 'Annida Hidayat Ningsih', 'E112011003', 7, '2020', NULL);
INSERT INTO `mahasiswa` VALUES (695, 'Annisa Hidayat Ningsih', 'E112011004', 7, '2020', NULL);
INSERT INTO `mahasiswa` VALUES (696, 'Aprilia Nuraeni', 'E112011005', 7, '2020', NULL);
INSERT INTO `mahasiswa` VALUES (697, 'Aprilia Safitri', 'E112011006', 7, '2020', NULL);
INSERT INTO `mahasiswa` VALUES (698, 'Asnawati Laia', 'E112011007', 7, '2020', NULL);
INSERT INTO `mahasiswa` VALUES (699, 'Birgita Wasti Peronika Naibaho', 'E112011008', 7, '2020', NULL);
INSERT INTO `mahasiswa` VALUES (700, 'Farida Nur Oktaviyanto', 'E112011009', 7, '2020', NULL);
INSERT INTO `mahasiswa` VALUES (701, 'Fitri Nuraeni', 'E112011010', 7, '2020', NULL);
INSERT INTO `mahasiswa` VALUES (702, 'Khotijah Gusmawarni', 'E112011011', 7, '2020', NULL);
INSERT INTO `mahasiswa` VALUES (703, 'Muhamad Rhevi', 'E112011012', 7, '2020', NULL);
INSERT INTO `mahasiswa` VALUES (704, 'Okvi Pinasih', 'E112011013', 7, '2020', NULL);
INSERT INTO `mahasiswa` VALUES (705, 'Rendi Firmansyah', 'E112011014', 7, '2020', NULL);
INSERT INTO `mahasiswa` VALUES (706, 'Rizki Abdul Azis Muslim', 'E112011015', 7, '2020', NULL);
INSERT INTO `mahasiswa` VALUES (707, 'Salma Fauziah', 'E112011016', 7, '2020', NULL);
INSERT INTO `mahasiswa` VALUES (708, 'Sandi Gunawan', 'E112011017', 7, '2020', NULL);
INSERT INTO `mahasiswa` VALUES (709, 'Shelya Putri Wiyoga', 'E112011018', 7, '2020', NULL);
INSERT INTO `mahasiswa` VALUES (710, 'Sidik Diansyah Ramadhan', 'E112011019', 7, '2020', NULL);
INSERT INTO `mahasiswa` VALUES (711, 'Sintia Rahmawati', 'E112011020', 7, '2020', NULL);
INSERT INTO `mahasiswa` VALUES (712, 'Siti Latipah', 'E112011021', 7, '2020', NULL);
INSERT INTO `mahasiswa` VALUES (713, 'Viki Nurhaliza', 'E112011023', 7, '2020', NULL);
INSERT INTO `mahasiswa` VALUES (714, 'Alisa Cahya', 'E112011024', 7, '2020', NULL);
INSERT INTO `mahasiswa` VALUES (715, 'Annis Widya Zahra', 'E112011025', 7, '2020', NULL);
INSERT INTO `mahasiswa` VALUES (716, 'Eggy Richki Amalia', 'E112011026', 7, '2020', NULL);
INSERT INTO `mahasiswa` VALUES (717, 'Ghaida Lutfiah Rahmat', 'E112011027', 7, '2020', NULL);
INSERT INTO `mahasiswa` VALUES (718, 'Gisella Putri Sukmawati', 'E112011028', 7, '2020', NULL);
INSERT INTO `mahasiswa` VALUES (719, 'Maria Claudia Lamury', 'E112011029', 7, '2020', NULL);
INSERT INTO `mahasiswa` VALUES (720, 'Marita Fajar Muttaqin', 'E112011030', 7, '2020', NULL);
INSERT INTO `mahasiswa` VALUES (721, 'Muhammad Fadhilah Noor Fajar', 'E112011031', 7, '2020', NULL);
INSERT INTO `mahasiswa` VALUES (722, 'Putri Nuraini', 'E112011032', 7, '2020', NULL);
INSERT INTO `mahasiswa` VALUES (723, 'Riani Nurizky', 'E112011033', 7, '2020', NULL);
INSERT INTO `mahasiswa` VALUES (724, 'Rizki Ramdhani', 'E112011034', 7, '2020', NULL);
INSERT INTO `mahasiswa` VALUES (725, 'Sephia Putri Ayudithia', 'E112011035', 7, '2020', NULL);
INSERT INTO `mahasiswa` VALUES (726, 'Siti Rina Oktaviana', 'E112011036', 7, '2020', NULL);
INSERT INTO `mahasiswa` VALUES (727, 'Ummu Putri Sahidah', 'E112011037', 7, '2020', NULL);
INSERT INTO `mahasiswa` VALUES (728, 'Yuliana Arianti', 'E112011038', 7, '2020', NULL);
INSERT INTO `mahasiswa` VALUES (729, 'Dinda Saputri', 'E112011040', 7, '2020', NULL);
INSERT INTO `mahasiswa` VALUES (730, 'Edi Saputra', 'E212011001', 8, '2020', NULL);
INSERT INTO `mahasiswa` VALUES (731, 'Ferry Mahalio Sudadi', 'E212011002', 8, '2020', NULL);
INSERT INTO `mahasiswa` VALUES (732, 'Irfan Kurnia', 'E212011003', 8, '2020', NULL);
INSERT INTO `mahasiswa` VALUES (733, 'Kiki Julkifli', 'E212011004', 8, '2020', NULL);
INSERT INTO `mahasiswa` VALUES (734, 'Luki Hermawan', 'E212011005', 8, '2020', NULL);
INSERT INTO `mahasiswa` VALUES (735, 'M.Rafli Abdul Hakim', 'E212011006', 8, '2020', NULL);
INSERT INTO `mahasiswa` VALUES (736, 'Muhammad Fahrur Rizqi Dae', 'E212011008', 8, '2020', NULL);
INSERT INTO `mahasiswa` VALUES (737, 'Muhammad Fauzan Annabhany', 'E212011009', 8, '2020', NULL);
INSERT INTO `mahasiswa` VALUES (738, 'Muhammad Jilan Arjyuri', 'E212011010', 8, '2020', NULL);
INSERT INTO `mahasiswa` VALUES (739, 'Nurullah Aulia Muhammad', 'E212011011', 8, '2020', NULL);
INSERT INTO `mahasiswa` VALUES (740, 'Pradika Kumara', 'E212011012', 8, '2020', NULL);
INSERT INTO `mahasiswa` VALUES (741, 'Putra Daifullah', 'E212011013', 8, '2020', NULL);
INSERT INTO `mahasiswa` VALUES (742, 'Saepul Ihwan', 'E212011014', 8, '2020', NULL);
INSERT INTO `mahasiswa` VALUES (743, 'Sidik Aminudin', 'E212011015', 8, '2020', NULL);
INSERT INTO `mahasiswa` VALUES (744, 'Herdian Dwi Cahya', 'E212011016', 8, '2020', NULL);
INSERT INTO `mahasiswa` VALUES (745, 'Aditya Widi Pratama', 'E212011017', 8, '2020', NULL);
INSERT INTO `mahasiswa` VALUES (746, 'Aldi Muhammad Firdaus', 'E212011018', 8, '2020', NULL);
INSERT INTO `mahasiswa` VALUES (747, 'Anang Karmana', 'E212011019', 8, '2020', NULL);
INSERT INTO `mahasiswa` VALUES (748, 'Aqil Oktafian', 'E212011020', 8, '2020', NULL);
INSERT INTO `mahasiswa` VALUES (749, 'Badil Iddo Sibarani', 'E212011021', 8, '2020', NULL);
INSERT INTO `mahasiswa` VALUES (750, 'Carlo Muzaqi Rachman', 'E212011022', 8, '2020', NULL);
INSERT INTO `mahasiswa` VALUES (751, 'Esa Wiguna', 'E212011023', 8, '2020', NULL);
INSERT INTO `mahasiswa` VALUES (752, 'Farhan Abdi', 'E212011024', 8, '2020', NULL);
INSERT INTO `mahasiswa` VALUES (753, 'Firdaus Purnama Aji', 'E212011025', 8, '2020', NULL);
INSERT INTO `mahasiswa` VALUES (754, 'Ikbal Fadilah', 'E212011026', 8, '2020', NULL);
INSERT INTO `mahasiswa` VALUES (755, 'M.Ichsan Bin A. Syam', 'E212011027', 8, '2020', NULL);
INSERT INTO `mahasiswa` VALUES (756, 'M Rizqi Ardiansyah', 'E212011028', 8, '2020', NULL);
INSERT INTO `mahasiswa` VALUES (757, 'Muhamad Fajar Ramadhan', 'E212011029', 8, '2020', NULL);
INSERT INTO `mahasiswa` VALUES (758, 'Muhammad Azriel Hakim', 'E212011030', 8, '2020', NULL);
INSERT INTO `mahasiswa` VALUES (759, 'Muhammad Jati Kertayuga Iskandar', 'E212011031', 8, '2020', NULL);
INSERT INTO `mahasiswa` VALUES (760, 'Mukhamad Ramdan', 'E212011032', 8, '2020', NULL);
INSERT INTO `mahasiswa` VALUES (761, 'Ariya Insan Nur Alam', 'E212011033', 8, '2020', NULL);
INSERT INTO `mahasiswa` VALUES (762, 'Rahmat Hidayat', 'E212011034', 8, '2020', NULL);
INSERT INTO `mahasiswa` VALUES (763, 'Renaldo', 'E212011035', 8, '2020', NULL);
INSERT INTO `mahasiswa` VALUES (764, 'Riggi Ramadhan', 'E212011036', 8, '2020', NULL);
INSERT INTO `mahasiswa` VALUES (765, 'Salman Kurniawan', 'E212011037', 8, '2020', NULL);
INSERT INTO `mahasiswa` VALUES (766, 'Zamzam Zainal Asikin', 'E212011038', 8, '2020', NULL);
INSERT INTO `mahasiswa` VALUES (767, 'Zia Ulhaq', 'E212011039', 8, '2020', NULL);
INSERT INTO `mahasiswa` VALUES (768, 'M. Rizky Ma\'sum', 'E212011040', 8, '2020', NULL);
INSERT INTO `mahasiswa` VALUES (769, 'Amelia Puspita Dewi', 'E612011002', 10, '2020', NULL);
INSERT INTO `mahasiswa` VALUES (770, 'Indah Nurazizah', 'E612011003', 10, '2020', NULL);
INSERT INTO `mahasiswa` VALUES (771, 'Mita Oktaviani', 'E612011004', 10, '2020', NULL);
INSERT INTO `mahasiswa` VALUES (772, 'Rani Saniati Purnomo', 'E612011006', 10, '2020', NULL);
INSERT INTO `mahasiswa` VALUES (773, 'Rimantika Dewi', 'E612011007', 10, '2020', NULL);
INSERT INTO `mahasiswa` VALUES (774, 'Septiana Puspa Bhiantara Paras Sendawar', 'E612011008', 10, '2020', NULL);
INSERT INTO `mahasiswa` VALUES (775, 'Sri Rizky Wahyuni', 'E612011009', 10, '2020', NULL);
INSERT INTO `mahasiswa` VALUES (776, 'Andra Ramadhan', 'E612011010', 10, '2020', NULL);
INSERT INTO `mahasiswa` VALUES (777, 'Muhamad Maulana Hidayatulloh', 'E612011012', 10, '2020', NULL);
INSERT INTO `mahasiswa` VALUES (778, 'Agus Setiawan', 'D112011001', 3, '2020', NULL);
INSERT INTO `mahasiswa` VALUES (779, 'Ahmad Febri Yanto', 'D112011002', 3, '2020', NULL);
INSERT INTO `mahasiswa` VALUES (780, 'Aini Hadijah', 'D112011003', 3, '2020', NULL);
INSERT INTO `mahasiswa` VALUES (781, 'Aldi Himawan', 'D112011004', 3, '2020', NULL);
INSERT INTO `mahasiswa` VALUES (782, 'Aldi Kristiawan Febianto', 'D112011005', 3, '2020', NULL);
INSERT INTO `mahasiswa` VALUES (783, 'Ali Ihsan Kamil', 'D112011006', 3, '2020', NULL);
INSERT INTO `mahasiswa` VALUES (784, 'Arid Zenal Muchafidin', 'D112011007', 3, '2020', NULL);
INSERT INTO `mahasiswa` VALUES (785, 'Ratna Ayu Mega Kharisma', 'E612011013', 10, '2020', NULL);
INSERT INTO `mahasiswa` VALUES (786, 'Arif Hidayat', 'D112011008', 3, '2020', NULL);
INSERT INTO `mahasiswa` VALUES (787, 'Arya Rizki Pratama', 'D112011009', 3, '2020', NULL);
INSERT INTO `mahasiswa` VALUES (788, 'Sari Dewi Pujiastuti', 'E612011014', 10, '2020', NULL);
INSERT INTO `mahasiswa` VALUES (789, 'Siti Rani Oktaviani', 'E612011015', 10, '2020', NULL);
INSERT INTO `mahasiswa` VALUES (790, 'Siti Rochma', 'E612011016', 10, '2020', NULL);
INSERT INTO `mahasiswa` VALUES (791, 'Tasha Azmiasari Putri', 'E612011017', 10, '2020', NULL);
INSERT INTO `mahasiswa` VALUES (792, 'Feri Abdurohman', 'E612021025', 10, '2020', NULL);
INSERT INTO `mahasiswa` VALUES (793, 'Jadid Rafiudin', 'E612021026', 10, '2020', NULL);
INSERT INTO `mahasiswa` VALUES (794, 'Kiki Sandi', 'E612021027', 10, '2020', NULL);
INSERT INTO `mahasiswa` VALUES (795, 'Bonita Puspa Nagari', 'D112011010', 3, '2020', NULL);
INSERT INTO `mahasiswa` VALUES (796, 'Cece Pratiwi', 'D112011011', 3, '2020', NULL);
INSERT INTO `mahasiswa` VALUES (797, 'Delista Fitria', 'D112011012', 3, '2020', NULL);
INSERT INTO `mahasiswa` VALUES (798, 'Nada Sri Mulyani', 'E612021029', 10, '2020', NULL);
INSERT INTO `mahasiswa` VALUES (799, 'Elfi Rosdianti', 'D112011013', 3, '2020', NULL);
INSERT INTO `mahasiswa` VALUES (800, 'Hamimah Nurhidyah', 'D112011014', 3, '2020', NULL);
INSERT INTO `mahasiswa` VALUES (801, 'Adrian Nur Ihsan', 'D112011044', 3, '2020', NULL);
INSERT INTO `mahasiswa` VALUES (802, 'Akbar Maulana', 'D112011045', 3, '2020', NULL);
INSERT INTO `mahasiswa` VALUES (803, 'Nisa Alya Nur Azhari', 'E612021030', 10, '2020', NULL);
INSERT INTO `mahasiswa` VALUES (804, 'Arya Adhitya Ramadhan', 'D112011046', 3, '2020', NULL);
INSERT INTO `mahasiswa` VALUES (805, 'Faishal Syahrul Ramadhan', 'D112011048', 3, '2020', NULL);
INSERT INTO `mahasiswa` VALUES (806, 'Farhan Maulana Yusuf', 'D112011049', 3, '2020', NULL);
INSERT INTO `mahasiswa` VALUES (807, 'Ferdiansyah', 'D112011050', 3, '2020', NULL);
INSERT INTO `mahasiswa` VALUES (808, 'Gilang Firdaus', 'D112011051', 3, '2020', NULL);
INSERT INTO `mahasiswa` VALUES (809, 'Ikhsan Eka Wibawa', 'D112011052', 3, '2020', NULL);
INSERT INTO `mahasiswa` VALUES (810, 'Julia Rahma', 'D112011053', 3, '2020', NULL);
INSERT INTO `mahasiswa` VALUES (811, 'Mochammad Rizky Ashyari', 'D112011054', 3, '2020', NULL);
INSERT INTO `mahasiswa` VALUES (812, 'Muhammad Alwi Yahya', 'D112011055', 3, '2020', NULL);
INSERT INTO `mahasiswa` VALUES (813, 'Muhammad Jalaludin Assuyuthi', 'D112011056', 3, '2020', NULL);
INSERT INTO `mahasiswa` VALUES (814, 'Nur Aviani Azizah', 'D112011057', 3, '2020', NULL);
INSERT INTO `mahasiswa` VALUES (815, 'Rifa Safira', 'D112011058', 3, '2020', NULL);
INSERT INTO `mahasiswa` VALUES (816, 'Taufik Ardiansyah', 'D112011059', 3, '2020', NULL);
INSERT INTO `mahasiswa` VALUES (817, 'Rizliana Qotrunnada', 'E612021031', 10, '2020', NULL);
INSERT INTO `mahasiswa` VALUES (818, 'Yogi Ordano Tamba', 'D112011060', 3, '2020', NULL);
INSERT INTO `mahasiswa` VALUES (819, 'Perzi Aprilian', 'D112011095', 3, '2020', NULL);
INSERT INTO `mahasiswa` VALUES (820, 'Yulfan Wijayanto', 'E612021032', 10, '2020', NULL);
INSERT INTO `mahasiswa` VALUES (821, 'Agung Permana', 'E412011001', 9, '2020', NULL);
INSERT INTO `mahasiswa` VALUES (822, 'Arief Musanef', 'E412011002', 9, '2020', NULL);
INSERT INTO `mahasiswa` VALUES (823, 'Chrissan Hisbullah', 'E412011003', 9, '2020', NULL);
INSERT INTO `mahasiswa` VALUES (824, 'Muhammad Rijal Izzatul Haq', 'E412011005', 9, '2020', NULL);
INSERT INTO `mahasiswa` VALUES (825, 'Revan Sanjaya Widianto', 'E412011006', 9, '2020', NULL);
INSERT INTO `mahasiswa` VALUES (826, 'Rezy Ammar Sutejo', 'E412011007', 9, '2020', NULL);
INSERT INTO `mahasiswa` VALUES (827, 'Topa Agus Nugraha', 'E412011008', 9, '2020', NULL);
INSERT INTO `mahasiswa` VALUES (828, 'Yusuf Salim', 'E412011009', 9, '2020', NULL);
INSERT INTO `mahasiswa` VALUES (829, 'Zulfia Rifqiani Putri', 'E412011010', 9, '2020', NULL);
INSERT INTO `mahasiswa` VALUES (830, 'Abiyoga Nur Sa\'ad', 'E412011011', 9, '2020', NULL);
INSERT INTO `mahasiswa` VALUES (831, 'Agus Sofian', 'E412011012', 9, '2020', NULL);
INSERT INTO `mahasiswa` VALUES (832, 'Arsal Sopi Rahman', 'E412011013', 9, '2020', NULL);
INSERT INTO `mahasiswa` VALUES (833, 'Khopipah Nurul Hasanah', 'E412011014', 9, '2020', NULL);
INSERT INTO `mahasiswa` VALUES (834, 'Marwan Abdurrahman Al Hadid', 'E412011015', 9, '2020', NULL);
INSERT INTO `mahasiswa` VALUES (835, 'Muhammad Wahyu Ramadhan', 'E412011016', 9, '2020', NULL);
INSERT INTO `mahasiswa` VALUES (836, 'Wisnu Nur Hidayat', 'E412011017', 9, '2020', NULL);
INSERT INTO `mahasiswa` VALUES (837, 'Yassin Ramadhan', 'E412011018', 9, '2020', NULL);
INSERT INTO `mahasiswa` VALUES (838, 'Agy Gilang Firdaus', 'E412011019', 9, '2020', NULL);
INSERT INTO `mahasiswa` VALUES (839, 'Andri Rico Purbaya', 'E412011025', 9, '2020', NULL);
INSERT INTO `mahasiswa` VALUES (840, 'Ibrahim Sawitro Yuda', 'D112011015', 3, '2020', NULL);
INSERT INTO `mahasiswa` VALUES (841, 'Irma Purnama Oktavia', 'D112011016', 3, '2020', NULL);
INSERT INTO `mahasiswa` VALUES (842, 'Irwandi', 'D112011017', 3, '2020', NULL);
INSERT INTO `mahasiswa` VALUES (843, 'Ihza Fatmawati', 'D112011018', 3, '2020', NULL);
INSERT INTO `mahasiswa` VALUES (844, 'Kiki Rosadi', 'D112011019', 3, '2020', NULL);
INSERT INTO `mahasiswa` VALUES (845, 'Lukman Rangga Aditya Tarigan', 'D112011020', 3, '2020', NULL);
INSERT INTO `mahasiswa` VALUES (846, 'Miqdad Abdillah', 'D112011021', 3, '2020', NULL);
INSERT INTO `mahasiswa` VALUES (847, 'Muhammad Akram Dhiidhi', 'D112011022', 3, '2020', NULL);
INSERT INTO `mahasiswa` VALUES (848, 'Muhammad Auliya Izzatullah', 'D112011023', 3, '2020', NULL);
INSERT INTO `mahasiswa` VALUES (849, 'Muhammad Jujun Nuralim', 'D112011024', 3, '2020', NULL);
INSERT INTO `mahasiswa` VALUES (850, 'Muhammad Kandiaz', 'D112011025', 3, '2020', NULL);
INSERT INTO `mahasiswa` VALUES (851, 'Nandhita Ayusari', 'D112011026', 3, '2020', NULL);
INSERT INTO `mahasiswa` VALUES (852, 'Nura Nasywa Annail', 'D112011027', 3, '2020', NULL);
INSERT INTO `mahasiswa` VALUES (853, 'Nursafia', 'D112011028', 3, '2020', NULL);
INSERT INTO `mahasiswa` VALUES (854, 'Dede Hermawan', 'E412011026', 9, '2020', NULL);
INSERT INTO `mahasiswa` VALUES (855, 'Putri Nurlaela Sari', 'D112011029', 3, '2020', NULL);
INSERT INTO `mahasiswa` VALUES (856, 'Agung Dwi Prasetiyo', 'D112011061', 3, '2020', NULL);
INSERT INTO `mahasiswa` VALUES (857, 'Al-Vinda Akbar', 'D112011062', 3, '2020', NULL);
INSERT INTO `mahasiswa` VALUES (858, 'Dara Nur Oktaviani', 'D112011063', 3, '2020', NULL);
INSERT INTO `mahasiswa` VALUES (859, 'Dody Irawan', 'D112011064', 3, '2020', NULL);
INSERT INTO `mahasiswa` VALUES (860, 'Faizal Ramdan', 'D112011065', 3, '2020', NULL);
INSERT INTO `mahasiswa` VALUES (861, 'Febrian Rio Parikesit Jatmiko', 'D112011066', 3, '2020', NULL);
INSERT INTO `mahasiswa` VALUES (862, 'Ganang Priyambodo', 'D112011067', 3, '2020', NULL);
INSERT INTO `mahasiswa` VALUES (863, 'Hani Rahmawati', 'D112011068', 3, '2020', NULL);
INSERT INTO `mahasiswa` VALUES (864, 'Ilham Nurzaman', 'D112011069', 3, '2020', NULL);
INSERT INTO `mahasiswa` VALUES (865, 'Mochamad Fakhrizal Jauhari', 'D112011070', 3, '2020', NULL);
INSERT INTO `mahasiswa` VALUES (866, 'Moh. Rizky Herdiansyah', 'D112011071', 3, '2020', NULL);
INSERT INTO `mahasiswa` VALUES (867, 'Muhammad Azmy Fahrurozy', 'D112011072', 3, '2020', NULL);
INSERT INTO `mahasiswa` VALUES (868, 'Muhammad Khifransyah Ayyubi M.', 'D112011073', 3, '2020', NULL);
INSERT INTO `mahasiswa` VALUES (869, 'Rafa Septiani', 'D112011074', 3, '2020', NULL);
INSERT INTO `mahasiswa` VALUES (870, 'Salman Affandi Yusuf', 'D112011075', 3, '2020', NULL);
INSERT INTO `mahasiswa` VALUES (871, 'Trisna Athoriq', 'D112011076', 3, '2020', NULL);
INSERT INTO `mahasiswa` VALUES (872, 'Fardan Faturrahman Hermanto', 'D112011030', 3, '2020', NULL);
INSERT INTO `mahasiswa` VALUES (873, 'Diemas Prima K', 'E412011027', 9, '2020', NULL);
INSERT INTO `mahasiswa` VALUES (874, 'Hendra Wari', 'E412011028', 9, '2020', NULL);
INSERT INTO `mahasiswa` VALUES (875, 'Hernanda B Setiawan', 'E412011029', 9, '2020', NULL);
INSERT INTO `mahasiswa` VALUES (876, 'Ikhsan Wijayanto', 'E412011030', 9, '2020', NULL);
INSERT INTO `mahasiswa` VALUES (877, 'Ismail', 'E412011031', 9, '2020', NULL);
INSERT INTO `mahasiswa` VALUES (878, 'Mulus Kurniawan', 'E412011032', 9, '2020', NULL);
INSERT INTO `mahasiswa` VALUES (879, 'Taz\'al Daullah Khanifal', 'E412011033', 9, '2020', NULL);
INSERT INTO `mahasiswa` VALUES (880, 'Tedo Haris Chandra', 'E412011034', 9, '2020', NULL);
INSERT INTO `mahasiswa` VALUES (881, 'Indah Nurwulandari', 'E412011035', 9, '2020', NULL);
INSERT INTO `mahasiswa` VALUES (882, 'Wendi Rahmadani', 'E412021036', 9, '2020', NULL);
INSERT INTO `mahasiswa` VALUES (883, 'Bima Hendri Jatmiko', 'E412011037', 9, '2020', NULL);
INSERT INTO `mahasiswa` VALUES (884, 'Din-din Sahidin', 'E512011002', 6, '2020', NULL);
INSERT INTO `mahasiswa` VALUES (885, 'Yongki Kirana Pamungkas', 'E512011003', 6, '2020', NULL);
INSERT INTO `mahasiswa` VALUES (886, 'Ramiadin Misbah Aimar', 'D112011031', 3, '2020', NULL);
INSERT INTO `mahasiswa` VALUES (887, 'Restu Muhamad Nawawi', 'D112011033', 3, '2020', NULL);
INSERT INTO `mahasiswa` VALUES (888, 'Salma Alya Shafira', 'D112011034', 3, '2020', NULL);
INSERT INTO `mahasiswa` VALUES (889, 'Setiawan Beni Priyanto', 'D112011035', 3, '2020', NULL);
INSERT INTO `mahasiswa` VALUES (890, 'Silvira Nur Apriani', 'D112011036', 3, '2020', NULL);
INSERT INTO `mahasiswa` VALUES (891, 'Susdin', 'D112011037', 3, '2020', NULL);
INSERT INTO `mahasiswa` VALUES (892, 'Syifa Fauzia Tahir', 'D112011038', 3, '2020', NULL);
INSERT INTO `mahasiswa` VALUES (893, 'Trianda Juniardi', 'D112011039', 3, '2020', NULL);
INSERT INTO `mahasiswa` VALUES (894, 'Wa Ode Nur Afny Ashfiah', 'D112011040', 3, '2020', NULL);
INSERT INTO `mahasiswa` VALUES (895, 'Melhanda Suci Putri Aghtyana', 'D112011041', 3, '2020', NULL);
INSERT INTO `mahasiswa` VALUES (896, 'Ahsan Fahreza', 'D112011042', 3, '2020', NULL);
INSERT INTO `mahasiswa` VALUES (897, 'Ahmad Yusuf', 'D112011043', 3, '2020', NULL);
INSERT INTO `mahasiswa` VALUES (898, 'Agus Triyana', 'D112011077', 3, '2020', NULL);
INSERT INTO `mahasiswa` VALUES (899, 'Andrea Maulana', 'D112011078', 3, '2020', NULL);
INSERT INTO `mahasiswa` VALUES (900, 'Dida Andari Nuralam', 'D112011079', 3, '2020', NULL);
INSERT INTO `mahasiswa` VALUES (901, 'Fahmi Muhammad Syakir', 'D112011080', 3, '2020', NULL);
INSERT INTO `mahasiswa` VALUES (902, 'Fajar Agustian', 'D112011081', 3, '2020', NULL);
INSERT INTO `mahasiswa` VALUES (903, 'Ferdi Ananda Saputra', 'D112011082', 3, '2020', NULL);
INSERT INTO `mahasiswa` VALUES (904, 'Gery Riansyah Ramadhan', 'D112011083', 3, '2020', NULL);
INSERT INTO `mahasiswa` VALUES (905, 'Hendriyanto Saputra', 'D112011084', 3, '2020', NULL);
INSERT INTO `mahasiswa` VALUES (906, 'Imam Fauzi', 'D112011085', 3, '2020', NULL);
INSERT INTO `mahasiswa` VALUES (907, 'Mochammad Reza Maulana Rachmat', 'D112011086', 3, '2020', NULL);
INSERT INTO `mahasiswa` VALUES (908, 'Muhamad Abdilah', 'D112011087', 3, '2020', NULL);
INSERT INTO `mahasiswa` VALUES (909, 'Muhammad Guruh Andriawan', 'D112011088', 3, '2020', NULL);
INSERT INTO `mahasiswa` VALUES (910, 'Muhammad Rian Asyraf Fadhlillah', 'D112011089', 3, '2020', NULL);
INSERT INTO `mahasiswa` VALUES (911, 'Rafi Mutaqin', 'D112011090', 3, '2020', NULL);
INSERT INTO `mahasiswa` VALUES (912, 'Sultan Akmal Maulana', 'D112011091', 3, '2020', NULL);
INSERT INTO `mahasiswa` VALUES (913, 'Muhammad Ghazy Al Ghifary', 'D112011093', 3, '2020', NULL);
INSERT INTO `mahasiswa` VALUES (914, 'Muhamad Aufa Thoriq', 'D112011094', 3, '2020', NULL);
INSERT INTO `mahasiswa` VALUES (915, 'Achmad Rikza Fauzain', 'D112021100', 3, '2020', NULL);
INSERT INTO `mahasiswa` VALUES (916, 'Alvin Abdil Azij', 'D112021101', 3, '2020', NULL);
INSERT INTO `mahasiswa` VALUES (917, 'Farid Rizqulloh', 'D112021102', 3, '2020', NULL);
INSERT INTO `mahasiswa` VALUES (918, 'Hendryansyah', 'D112021103', 3, '2020', NULL);
INSERT INTO `mahasiswa` VALUES (919, 'Imam Firman Diansah', 'D112021104', 3, '2020', NULL);
INSERT INTO `mahasiswa` VALUES (920, 'Jonson Ricardo Pakpahan', 'D112021105', 3, '2020', NULL);
INSERT INTO `mahasiswa` VALUES (921, 'Mochamad Alawi', 'D112021107', 3, '2020', NULL);
INSERT INTO `mahasiswa` VALUES (922, 'Muhamad Ramdani', 'D112021108', 3, '2020', NULL);
INSERT INTO `mahasiswa` VALUES (923, 'Muhammad Ghazi Dzulfikar', 'D112021109', 3, '2020', NULL);
INSERT INTO `mahasiswa` VALUES (924, 'Otong Gani', 'D112021110', 3, '2020', NULL);
INSERT INTO `mahasiswa` VALUES (925, 'Rangga Arfian Mahesa', 'D112021111', 3, '2020', NULL);
INSERT INTO `mahasiswa` VALUES (926, 'Rey Muhamad Rifqi', 'D112021112', 3, '2020', NULL);
INSERT INTO `mahasiswa` VALUES (927, 'Salimah Abdillah Husna', 'D112021113', 3, '2020', NULL);
INSERT INTO `mahasiswa` VALUES (928, 'Tirta Subagja', 'D112021114', 3, '2020', NULL);
INSERT INTO `mahasiswa` VALUES (929, 'Zulham Fajar Ismail', 'D112021115', 3, '2020', NULL);
INSERT INTO `mahasiswa` VALUES (930, 'Rafli Alhafizh', 'D112021116', 3, '2020', NULL);
INSERT INTO `mahasiswa` VALUES (931, 'Dimas Anton Yoga Pratama', 'D112011047', 3, '2020', NULL);
INSERT INTO `mahasiswa` VALUES (932, 'Agus Soleh Hudin', 'D112021117', 3, '2020', NULL);
INSERT INTO `mahasiswa` VALUES (933, 'Ahmad Cepy Firdaus', 'E512011004', 6, '2020', NULL);
INSERT INTO `mahasiswa` VALUES (934, 'Anton Ramdani Sugandi', 'E512011005', 6, '2020', NULL);
INSERT INTO `mahasiswa` VALUES (935, 'Asep Deni', 'E512011006', 6, '2020', NULL);
INSERT INTO `mahasiswa` VALUES (936, 'Charel Huan', 'E512011007', 6, '2020', NULL);
INSERT INTO `mahasiswa` VALUES (937, 'Fadly Ikram Sulaiman', 'E512011008', 6, '2020', NULL);
INSERT INTO `mahasiswa` VALUES (938, 'Farhandi Perdana Putra Setiawan', 'E512011009', 6, '2020', NULL);
INSERT INTO `mahasiswa` VALUES (939, 'Haidar Ali Ahnaf', 'E512011010', 6, '2020', NULL);
INSERT INTO `mahasiswa` VALUES (940, 'Irpan Robi Maulana', 'E512011011', 6, '2020', NULL);
INSERT INTO `mahasiswa` VALUES (941, 'Moch Fadil Surya Priatna Putra', 'E512011012', 6, '2020', NULL);
INSERT INTO `mahasiswa` VALUES (942, 'Putra Alghi Fari Kurniawan', 'E512011013', 6, '2020', NULL);
INSERT INTO `mahasiswa` VALUES (943, 'Raka Nursalam', 'E512011014', 6, '2020', NULL);
INSERT INTO `mahasiswa` VALUES (944, 'Ramdhani Nugroho', 'E512011015', 6, '2020', NULL);
INSERT INTO `mahasiswa` VALUES (945, 'Rangga Adhitia Aryono', 'E512011016', 6, '2020', NULL);
INSERT INTO `mahasiswa` VALUES (946, 'Rizki Eksa Gumilar', 'E512011017', 6, '2020', NULL);
INSERT INTO `mahasiswa` VALUES (947, 'Angga Pratama Rizvi', 'E512011018', 6, '2020', NULL);
INSERT INTO `mahasiswa` VALUES (948, 'Pian Andriansah', 'E512011019', 6, '2020', NULL);
INSERT INTO `mahasiswa` VALUES (949, 'Abdul Aziz', 'E512011020', 6, '2020', NULL);
INSERT INTO `mahasiswa` VALUES (950, 'Syahri Ramadhan Purba', 'E522011001', 5, '2020', NULL);
INSERT INTO `mahasiswa` VALUES (951, 'Aditya Hermawan', 'E522011002', 5, '2020', NULL);
INSERT INTO `mahasiswa` VALUES (952, 'Agil Perdana Fahrozi', 'E522011003', 5, '2020', NULL);
INSERT INTO `mahasiswa` VALUES (953, 'Alip Rizky Trisnadi Purnomo', 'E522011005', 5, '2020', NULL);
INSERT INTO `mahasiswa` VALUES (954, 'Andrean Wahyu Hidayat', 'E522011006', 5, '2020', NULL);
INSERT INTO `mahasiswa` VALUES (955, 'Aqil Raka Wibisono', 'E522011007', 5, '2020', NULL);
INSERT INTO `mahasiswa` VALUES (956, 'Bagus Setia Budi', 'E522011008', 5, '2020', NULL);
INSERT INTO `mahasiswa` VALUES (957, 'Dziq Rinji Kayla Mi\'raj', 'E522011009', 5, '2020', NULL);
INSERT INTO `mahasiswa` VALUES (958, 'Excel Mikola', 'E522011010', 5, '2020', NULL);
INSERT INTO `mahasiswa` VALUES (959, 'Faza Akbar Ramadhan', 'E522011011', 5, '2020', NULL);
INSERT INTO `mahasiswa` VALUES (960, 'Ihsan Nuansa', 'E522011012', 5, '2020', NULL);
INSERT INTO `mahasiswa` VALUES (961, 'M. Faisal Saputra', 'E522011013', 5, '2020', NULL);
INSERT INTO `mahasiswa` VALUES (962, 'M. Reynaldi', 'E522011014', 5, '2020', NULL);
INSERT INTO `mahasiswa` VALUES (963, 'M. Ridho Andreanza', 'E522011015', 5, '2020', NULL);
INSERT INTO `mahasiswa` VALUES (964, 'Mohammad Reza Irfan Pratama', 'E522011016', 5, '2020', NULL);
INSERT INTO `mahasiswa` VALUES (965, 'Muhamad Agustian Wijaya', 'E522011017', 5, '2020', NULL);
INSERT INTO `mahasiswa` VALUES (966, 'NizarCahyo Ramandani', 'E522011018', 5, '2020', NULL);
INSERT INTO `mahasiswa` VALUES (967, 'Perdito Gusti Pangestu', 'E522011019', 5, '2020', NULL);
INSERT INTO `mahasiswa` VALUES (968, 'Rahmat', 'E522011020', 5, '2020', NULL);
INSERT INTO `mahasiswa` VALUES (969, 'Rizky Dwi Rahmadi', 'E522011021', 5, '2020', NULL);
INSERT INTO `mahasiswa` VALUES (970, 'Ronny Annesson Silaban', 'E522011022', 5, '2020', NULL);
INSERT INTO `mahasiswa` VALUES (971, 'M. Taupik Hidayat', 'E522011045', 5, '2020', NULL);
INSERT INTO `mahasiswa` VALUES (972, 'Imam Sholeh', 'E522011047', 5, '2020', NULL);
INSERT INTO `mahasiswa` VALUES (973, 'Aditya Juanda Putra', 'E522011023', 5, '2020', NULL);
INSERT INTO `mahasiswa` VALUES (974, 'Ahmad Husien Abdul Hamid', 'E522011024', 5, '2020', NULL);
INSERT INTO `mahasiswa` VALUES (975, 'Amirul Zaman Kushendrik', 'E522011025', 5, '2020', NULL);
INSERT INTO `mahasiswa` VALUES (976, 'Andry Putra Ramadhan', 'E522011026', 5, '2020', NULL);
INSERT INTO `mahasiswa` VALUES (977, 'Angga Firda Dinata', 'E522011027', 5, '2020', NULL);
INSERT INTO `mahasiswa` VALUES (978, 'Armadi Pranata', 'E522011028', 5, '2020', NULL);
INSERT INTO `mahasiswa` VALUES (979, 'Defly Fergiawan', 'E522011029', 5, '2020', NULL);
INSERT INTO `mahasiswa` VALUES (980, 'Fatra Pratama', 'E522011030', 5, '2020', NULL);
INSERT INTO `mahasiswa` VALUES (981, 'Fico Oktaredi', 'E522011031', 5, '2020', NULL);
INSERT INTO `mahasiswa` VALUES (982, 'Haidar Shidqi Mufid', 'E522011032', 5, '2020', NULL);
INSERT INTO `mahasiswa` VALUES (983, 'Leta Pratama', 'E522011033', 5, '2020', NULL);
INSERT INTO `mahasiswa` VALUES (984, 'M.Iqbal', 'E522011034', 5, '2020', NULL);
INSERT INTO `mahasiswa` VALUES (985, 'Laode Alfrian Afandi A', 'E522011046', 5, '2020', NULL);
INSERT INTO `mahasiswa` VALUES (986, 'M. Renaldy', 'E522011035', 5, '2020', NULL);
INSERT INTO `mahasiswa` VALUES (987, 'M. Tegar Setiawan', 'E522011036', 5, '2020', NULL);
INSERT INTO `mahasiswa` VALUES (988, 'Muhammad Al Baroka', 'E522011037', 5, '2020', NULL);
INSERT INTO `mahasiswa` VALUES (989, 'Muhammad Azzuri Aria Dwiguno', 'E522011038', 5, '2020', NULL);
INSERT INTO `mahasiswa` VALUES (990, 'Purnomo Setyo Adi', 'E522011039', 5, '2020', NULL);
INSERT INTO `mahasiswa` VALUES (991, 'Raqael Achmady Septiawan', 'E522011040', 5, '2020', NULL);
INSERT INTO `mahasiswa` VALUES (992, 'Renaldy Topan Andrean', 'E522011041', 5, '2020', NULL);
INSERT INTO `mahasiswa` VALUES (993, 'Saddam Malik', 'E522011042', 5, '2020', NULL);
INSERT INTO `mahasiswa` VALUES (994, 'Sugih Wardiman', 'E522011043', 5, '2020', NULL);
INSERT INTO `mahasiswa` VALUES (995, 'Yeri Kelvin', 'E522011044', 5, '2020', NULL);
INSERT INTO `mahasiswa` VALUES (996, 'Astrie Dinar Rahayu', 'E712011001', 2, '2020', NULL);
INSERT INTO `mahasiswa` VALUES (997, 'Fanny Siti Fadhilah', 'E712011002', 2, '2020', NULL);
INSERT INTO `mahasiswa` VALUES (998, 'Feby Alin Aliana', 'E712011003', 2, '2020', NULL);
INSERT INTO `mahasiswa` VALUES (999, 'Gina Siti Rachmawati', 'E712011004', 2, '2020', NULL);
INSERT INTO `mahasiswa` VALUES (1000, 'Ishmah Nailufar', 'E712011005', 2, '2020', NULL);
INSERT INTO `mahasiswa` VALUES (1001, 'Agra Nugraha Sunarjat', 'E712011011', 2, '2020', NULL);
INSERT INTO `mahasiswa` VALUES (1002, 'Ahmad Maulana Yusup', 'E712011012', 2, '2020', NULL);
INSERT INTO `mahasiswa` VALUES (1003, 'Alfian Efendi', 'E712011013', 2, '2020', NULL);
INSERT INTO `mahasiswa` VALUES (1004, 'Az Zahra Nabillah Nicintaerya Itsnantyo', 'E712011014', 2, '2020', NULL);
INSERT INTO `mahasiswa` VALUES (1005, 'Azriel Akbar Priyatna', 'E712011015', 2, '2020', NULL);
INSERT INTO `mahasiswa` VALUES (1006, 'Dini Fajriani', 'E712011016', 2, '2020', NULL);
INSERT INTO `mahasiswa` VALUES (1007, 'Fedia Febriyanti', 'E712011017', 2, '2020', NULL);
INSERT INTO `mahasiswa` VALUES (1008, 'Fitri Indriyani', 'E712011018', 2, '2020', NULL);
INSERT INTO `mahasiswa` VALUES (1009, 'Gilang Ramadhan Putra', 'E712011019', 2, '2020', NULL);
INSERT INTO `mahasiswa` VALUES (1010, 'Jeane Allivia', 'E712011020', 2, '2020', NULL);
INSERT INTO `mahasiswa` VALUES (1011, 'Marlini Nadya Claudinar Djawa', 'E712011021', 2, '2020', NULL);
INSERT INTO `mahasiswa` VALUES (1012, 'Najmi Ahmad Najmuddin Sanusi', 'E712011022', 2, '2020', NULL);
INSERT INTO `mahasiswa` VALUES (1013, 'Nimas Ayu Syachsya Khumaera', 'E712011023', 2, '2020', NULL);
INSERT INTO `mahasiswa` VALUES (1014, 'Nisa Nurfaizah', 'E712011024', 2, '2020', NULL);
INSERT INTO `mahasiswa` VALUES (1015, 'Panggabean Raja', 'E712011025', 2, '2020', NULL);
INSERT INTO `mahasiswa` VALUES (1016, 'Selvi Pransiska', 'E712011027', 2, '2020', NULL);
INSERT INTO `mahasiswa` VALUES (1017, 'Shabila Rizky Rahmatika', 'E712011028', 2, '2020', NULL);
INSERT INTO `mahasiswa` VALUES (1018, 'Tiara Anggraeni Tsaniya Dewi', 'E712011029', 2, '2020', NULL);
INSERT INTO `mahasiswa` VALUES (1019, 'Widia Ratiana Sirait', 'E712011030', 2, '2020', NULL);
INSERT INTO `mahasiswa` VALUES (1020, 'Putri widari', 'E712011051', 2, '2020', NULL);
INSERT INTO `mahasiswa` VALUES (1021, 'Kania Pitriani', 'E712011006', 2, '2020', NULL);
INSERT INTO `mahasiswa` VALUES (1022, 'Melly Nofrister', 'E712011007', 2, '2020', NULL);
INSERT INTO `mahasiswa` VALUES (1023, 'Neng Sri Bunga', 'E712011008', 2, '2020', NULL);
INSERT INTO `mahasiswa` VALUES (1024, 'Rosmalia', 'E712011009', 2, '2020', NULL);
INSERT INTO `mahasiswa` VALUES (1025, 'Yulianti Lestari', 'E712011010', 2, '2020', NULL);
INSERT INTO `mahasiswa` VALUES (1026, 'Agung Gumora', 'E712011031', 2, '2020', NULL);
INSERT INTO `mahasiswa` VALUES (1027, 'Aldi Idrus', 'E712011032', 2, '2020', NULL);
INSERT INTO `mahasiswa` VALUES (1028, 'Alia Nurbaeti', 'E712011033', 2, '2020', NULL);
INSERT INTO `mahasiswa` VALUES (1029, 'Azkia Nurul Aulia Sani', 'E712011034', 2, '2020', NULL);
INSERT INTO `mahasiswa` VALUES (1030, 'Deni Saputra', 'E712011035', 2, '2020', NULL);
INSERT INTO `mahasiswa` VALUES (1031, 'Erna', 'E712011036', 2, '2020', NULL);
INSERT INTO `mahasiswa` VALUES (1032, 'Fifi Devianti', 'E712011037', 2, '2020', NULL);
INSERT INTO `mahasiswa` VALUES (1033, 'Frenssiska Nandiyah', 'E712011038', 2, '2020', NULL);
INSERT INTO `mahasiswa` VALUES (1034, 'Hetty Komalasari M. Sadik', 'E712011039', 2, '2020', NULL);
INSERT INTO `mahasiswa` VALUES (1035, 'Kanaulliya Diannis Yusticia Rahmi Thamrin', 'E712011040', 2, '2020', NULL);
INSERT INTO `mahasiswa` VALUES (1036, 'Muhamad Rizal Rakhman', 'E712011041', 2, '2020', NULL);
INSERT INTO `mahasiswa` VALUES (1037, 'Nazwa Putri Amelia', 'E712011042', 2, '2020', NULL);
INSERT INTO `mahasiswa` VALUES (1038, 'Nisa Maharani Al Ushwatun Hasanah', 'E712011043', 2, '2020', NULL);
INSERT INTO `mahasiswa` VALUES (1039, 'Nisa Nurliah', 'E712011044', 2, '2020', NULL);
INSERT INTO `mahasiswa` VALUES (1040, 'Putri Andhini Wulandari Aripin', 'E712011045', 2, '2020', NULL);
INSERT INTO `mahasiswa` VALUES (1041, 'Sabila Nopiyanti', 'E712011046', 2, '2020', NULL);
INSERT INTO `mahasiswa` VALUES (1042, 'Septia Damayanti Shidqi', 'E712011047', 2, '2020', NULL);
INSERT INTO `mahasiswa` VALUES (1043, 'Sri Nabila', 'E712011048', 2, '2020', NULL);
INSERT INTO `mahasiswa` VALUES (1044, 'Wa Ode Zahratun Aziza', 'E712011049', 2, '2020', NULL);
INSERT INTO `mahasiswa` VALUES (1045, 'Yani Apriyani', 'E712011050', 2, '2020', NULL);
INSERT INTO `mahasiswa` VALUES (1046, 'Laode Muhamad Ikbal', 'E712011052', 2, '2020', NULL);
INSERT INTO `mahasiswa` VALUES (1047, 'Alyya Putri Indirawati', 'E712021055', 2, '2020', NULL);
INSERT INTO `mahasiswa` VALUES (1048, 'Adisti Putri Sri Wahyuni', 'E712021057', 2, '2020', NULL);
INSERT INTO `mahasiswa` VALUES (1049, 'Vina Vinandiani', 'E712021056', 2, '2020', NULL);
INSERT INTO `mahasiswa` VALUES (1050, 'Rine Ajeng Santika', 'E712021058', 2, '2020', NULL);
INSERT INTO `mahasiswa` VALUES (1051, 'Krisda Mulyani', 'E712021059', 2, '2020', NULL);
INSERT INTO `mahasiswa` VALUES (1052, 'Shakila Febiola', 'E712021060', 2, '2020', NULL);
INSERT INTO `mahasiswa` VALUES (1053, 'Ahmad Wahyu Hidayat', 'D312011001', 6, '2020', NULL);
INSERT INTO `mahasiswa` VALUES (1054, 'Aldan Sunarya', 'D312011002', 6, '2020', NULL);
INSERT INTO `mahasiswa` VALUES (1055, 'Amirul Rizal', 'D312011003', 6, '2020', NULL);
INSERT INTO `mahasiswa` VALUES (1056, 'Ferdi Febriansyah', 'D312011004', 6, '2020', NULL);
INSERT INTO `mahasiswa` VALUES (1057, 'Inda', 'D312011005', 6, '2020', NULL);
INSERT INTO `mahasiswa` VALUES (1058, 'Indra Dwi Prasetyo', 'D312011006', 6, '2020', NULL);
INSERT INTO `mahasiswa` VALUES (1059, 'Muhammad Kamalul Hakim', 'D312011007', 6, '2020', NULL);
INSERT INTO `mahasiswa` VALUES (1060, 'Reyhan Prasetya', 'D312011008', 6, '2020', NULL);
INSERT INTO `mahasiswa` VALUES (1061, 'Rio Dwi Saputra', 'D312011009', 6, '2020', NULL);
INSERT INTO `mahasiswa` VALUES (1062, 'Risky Arifki Sulaeman', 'D312011010', 6, '2020', NULL);
INSERT INTO `mahasiswa` VALUES (1063, 'Amar Putra Munggaran Juniardi', 'D312011011', 6, '2020', NULL);
INSERT INTO `mahasiswa` VALUES (1064, 'Bani haekal Yasyfi', 'D312011012', 6, '2020', NULL);
INSERT INTO `mahasiswa` VALUES (1065, 'Cahya Gumilar', 'D312011013', 6, '2020', NULL);
INSERT INTO `mahasiswa` VALUES (1066, 'Hendri Aldiansyah', 'D312011014', 6, '2020', NULL);
INSERT INTO `mahasiswa` VALUES (1067, 'Idhar Amienudin', 'D312011015', 6, '2020', NULL);
INSERT INTO `mahasiswa` VALUES (1068, 'Muhamad Rizky Asrof Mustofa', 'D312011016', 6, '2020', NULL);
INSERT INTO `mahasiswa` VALUES (1069, 'Muhammad Fauzi', 'D312011017', 6, '2020', NULL);
INSERT INTO `mahasiswa` VALUES (1070, 'Muhammad Fauzi Herman', 'D312011018', 6, '2020', NULL);
INSERT INTO `mahasiswa` VALUES (1071, 'Muhammad Hafizh Putra Irawan', 'D312011019', 6, '2020', NULL);
INSERT INTO `mahasiswa` VALUES (1072, 'Muhammad Mirza', 'D312011020', 6, '2020', NULL);
INSERT INTO `mahasiswa` VALUES (1073, 'Ridwan Arditama', 'D312011021', 6, '2020', NULL);
INSERT INTO `mahasiswa` VALUES (1074, 'Rizaldy Faris Rhidwan', 'D312011022', 6, '2020', NULL);
INSERT INTO `mahasiswa` VALUES (1075, 'Rizki Maulana', 'D312011023', 6, '2020', NULL);
INSERT INTO `mahasiswa` VALUES (1076, 'Roby Ahmad Rismawan', 'D312011024', 6, '2020', NULL);
INSERT INTO `mahasiswa` VALUES (1077, 'Taufik Hidayat', 'D312011025', 6, '2020', NULL);
INSERT INTO `mahasiswa` VALUES (1078, 'Anugrah Ramadhan', 'D312011026', 6, '2020', NULL);
INSERT INTO `mahasiswa` VALUES (1079, 'Alexander Fajar Pabesak', 'D312011027', 6, '2020', NULL);
INSERT INTO `mahasiswa` VALUES (1080, 'Alma Hamni Adifa Septira', 'D312021030', 6, '2020', NULL);
INSERT INTO `mahasiswa` VALUES (1081, 'Deden Sunarya Putra', 'D312021031', 6, '2020', NULL);
INSERT INTO `mahasiswa` VALUES (1082, 'Derry Taufik Ramadhan', 'D312021032', 6, '2020', NULL);
INSERT INTO `mahasiswa` VALUES (1083, 'Epul Sugiantoro', 'D312021033', 6, '2020', NULL);
INSERT INTO `mahasiswa` VALUES (1084, 'Fahrul Nurlatif', 'D312021034', 6, '2020', NULL);
INSERT INTO `mahasiswa` VALUES (1085, 'Fhadel Kurniawan', 'D312021035', 6, '2020', NULL);
INSERT INTO `mahasiswa` VALUES (1086, 'Jilal Lasmana', 'D312021037', 6, '2020', NULL);
INSERT INTO `mahasiswa` VALUES (1087, 'Moch Qori Rizalul Fiqri', 'D312021038', 6, '2020', NULL);
INSERT INTO `mahasiswa` VALUES (1088, 'Muhamad Riswan Ariswanto', 'D312021039', 6, '2020', NULL);
INSERT INTO `mahasiswa` VALUES (1089, 'Muhammad Ghazi Dzulfikar', 'D312021040', 6, '2020', NULL);
INSERT INTO `mahasiswa` VALUES (1090, 'Ridwan Sulaeman', 'D312021041', 6, '2020', NULL);
INSERT INTO `mahasiswa` VALUES (1091, 'Ujang Rendi Rinaldi', 'D312021042', 6, '2020', NULL);
INSERT INTO `mahasiswa` VALUES (1092, 'Muhammad Jamaludin', 'D312021043', 6, '2020', NULL);
INSERT INTO `mahasiswa` VALUES (1093, 'Mochamad Iqbal Purnama', 'D312021044', 6, '2020', NULL);
INSERT INTO `mahasiswa` VALUES (1094, 'Ahwal Isnaini Soemantri', 'D322011001', 6, '2020', NULL);
INSERT INTO `mahasiswa` VALUES (1095, 'Fitri', 'D322011002', 6, '2020', NULL);
INSERT INTO `mahasiswa` VALUES (1096, 'Jhony Maycel', 'D322011003', 6, '2020', NULL);
INSERT INTO `mahasiswa` VALUES (1097, 'Jurianti', 'D322011004', 6, '2020', NULL);
INSERT INTO `mahasiswa` VALUES (1098, 'Langga Alfandi', 'D322011005', 6, '2020', NULL);
INSERT INTO `mahasiswa` VALUES (1099, 'Laura Verawati', 'D322011006', 6, '2020', NULL);
INSERT INTO `mahasiswa` VALUES (1100, 'Muhamad Ismail', 'D322011007', 6, '2020', NULL);
INSERT INTO `mahasiswa` VALUES (1101, 'Sofi Ardiasari', 'D322011008', 6, '2020', NULL);
INSERT INTO `mahasiswa` VALUES (1102, 'Wandi Mulyadi', 'D322011009', 6, '2020', NULL);
INSERT INTO `mahasiswa` VALUES (1103, 'Farid Firdaus Ridwan', 'D322011010', 6, '2020', NULL);
INSERT INTO `mahasiswa` VALUES (1104, 'Muhammad Hatimul Asom', 'D322011011', 6, '2020', NULL);
INSERT INTO `mahasiswa` VALUES (1105, 'Panji Pratama', 'D322011013', 6, '2020', NULL);
INSERT INTO `mahasiswa` VALUES (1106, 'Rizky Maulana', 'D322011014', 6, '2020', NULL);
INSERT INTO `mahasiswa` VALUES (1107, 'Tio Faris Safa Ilman Hakima', 'D322011015', 6, '2020', NULL);
INSERT INTO `mahasiswa` VALUES (1108, 'Wahyu Putra Pratama', 'D322011016', 6, '2020', NULL);
INSERT INTO `mahasiswa` VALUES (1109, 'Ai Cahyati', 'D512011001', 1, '2020', NULL);
INSERT INTO `mahasiswa` VALUES (1110, 'Alif Alfandi', 'D512011002', 1, '2020', NULL);
INSERT INTO `mahasiswa` VALUES (1111, 'Deni Supriadi', 'D512011003', 1, '2020', NULL);
INSERT INTO `mahasiswa` VALUES (1112, 'Fikri Ramadhan', 'D512011004', 1, '2020', NULL);
INSERT INTO `mahasiswa` VALUES (1113, 'Fitri Aryani', 'D512011005', 1, '2020', NULL);
INSERT INTO `mahasiswa` VALUES (1114, 'Ivan Suhandra', 'D512011006', 1, '2020', NULL);
INSERT INTO `mahasiswa` VALUES (1115, 'Muchamad Fazar', 'D512011007', 1, '2020', NULL);
INSERT INTO `mahasiswa` VALUES (1116, 'Nurmila', 'D512011008', 1, '2020', NULL);
INSERT INTO `mahasiswa` VALUES (1117, 'Patin Permadi', 'D512011009', 1, '2020', NULL);
INSERT INTO `mahasiswa` VALUES (1118, 'Ricki Mahendra Basri', 'D512011010', 1, '2020', NULL);
INSERT INTO `mahasiswa` VALUES (1119, 'Rijal', 'D512011011', 1, '2020', NULL);
INSERT INTO `mahasiswa` VALUES (1120, 'Stefi La Ode', 'D512011012', 1, '2020', NULL);
INSERT INTO `mahasiswa` VALUES (1121, 'Sumiati', 'D512011013', 1, '2020', NULL);
INSERT INTO `mahasiswa` VALUES (1122, 'Syah Risal Sarampang', 'D512011014', 1, '2020', NULL);
INSERT INTO `mahasiswa` VALUES (1123, 'Tia Setiawati', 'D512011015', 1, '2020', NULL);
INSERT INTO `mahasiswa` VALUES (1124, 'Toni Nurjaman', 'D512011016', 1, '2020', NULL);
INSERT INTO `mahasiswa` VALUES (1125, 'Wa Ode Selvi', 'D512011017', 1, '2020', NULL);
INSERT INTO `mahasiswa` VALUES (1126, 'Yazka Alfatih Rambe', 'D512011018', 1, '2020', NULL);
INSERT INTO `mahasiswa` VALUES (1127, 'Yusran Fakih Ramadhan', 'D512011019', 1, '2020', NULL);
INSERT INTO `mahasiswa` VALUES (1128, 'Algia Raveleo', 'D512011020', 1, '2020', NULL);
INSERT INTO `mahasiswa` VALUES (1129, 'Amelia Firstiana', 'D512011021', 1, '2020', NULL);
INSERT INTO `mahasiswa` VALUES (1130, 'Anggia Febriyanti Siregar', 'D512011022', 1, '2020', NULL);
INSERT INTO `mahasiswa` VALUES (1131, 'Denis Agus Juhari', 'D512011023', 1, '2020', NULL);
INSERT INTO `mahasiswa` VALUES (1132, 'Muhammad Reysan Akbar', 'D512011024', 1, '2020', NULL);
INSERT INTO `mahasiswa` VALUES (1133, 'Muhammad Ridho Syachputra', 'D512011025', 1, '2020', NULL);
INSERT INTO `mahasiswa` VALUES (1134, 'Nizar Zainur Risalah', 'D512011026', 1, '2020', NULL);
INSERT INTO `mahasiswa` VALUES (1135, 'Prita Rahmadita', 'D512011027', 1, '2020', NULL);
INSERT INTO `mahasiswa` VALUES (1136, 'Sara Ivanna Andrea', 'D512011028', 1, '2020', NULL);
INSERT INTO `mahasiswa` VALUES (1137, 'Zalva Zahira', 'D512011029', 1, '2020', NULL);
INSERT INTO `mahasiswa` VALUES (1138, 'Ahmad Sugiyanto', 'D512011030', 1, '2020', NULL);
INSERT INTO `mahasiswa` VALUES (1139, 'Asti Aprillia Rekta Putri', 'D512011031', 1, '2020', NULL);
INSERT INTO `mahasiswa` VALUES (1140, 'Ridwan Hamimum', 'D512011032', 1, '2020', NULL);
INSERT INTO `mahasiswa` VALUES (1141, 'Armada Ananto Pratama', 'D512011033', 1, '2020', NULL);
INSERT INTO `mahasiswa` VALUES (1142, 'Abi Manyu', 'D412011001', 12, '2020', NULL);
INSERT INTO `mahasiswa` VALUES (1143, 'Amaira Dwi Nusantari Nurochman', 'E712011026', 2, '2020', NULL);
INSERT INTO `mahasiswa` VALUES (1144, 'Alandre Ramdhani', 'D412011002', 12, '2020', NULL);
INSERT INTO `mahasiswa` VALUES (1145, 'Aristevani Urai', 'D412011003', 12, '2020', NULL);
INSERT INTO `mahasiswa` VALUES (1146, 'Arjuna Winata', 'D412011004', 12, '2020', NULL);
INSERT INTO `mahasiswa` VALUES (1147, 'Asmida', 'D412011005', 12, '2020', NULL);
INSERT INTO `mahasiswa` VALUES (1148, 'Banu Rusydi', 'D412011006', 12, '2020', NULL);
INSERT INTO `mahasiswa` VALUES (1149, 'Dimas Nugraha', 'D412011007', 12, '2020', NULL);
INSERT INTO `mahasiswa` VALUES (1150, 'Djessica', 'D412011008', 12, '2020', NULL);
INSERT INTO `mahasiswa` VALUES (1151, 'Dwi Agustina', 'D412011009', 12, '2020', NULL);
INSERT INTO `mahasiswa` VALUES (1152, 'Erik Erlando', 'D412011010', 12, '2020', NULL);
INSERT INTO `mahasiswa` VALUES (1153, 'Ilham Ramadan', 'D412011011', 12, '2020', NULL);
INSERT INTO `mahasiswa` VALUES (1154, 'Jiordanus', 'D412011012', 12, '2020', NULL);
INSERT INTO `mahasiswa` VALUES (1155, 'Juanita', 'D412011013', 12, '2020', NULL);
INSERT INTO `mahasiswa` VALUES (1156, 'Jujun', 'D412011014', 12, '2020', NULL);
INSERT INTO `mahasiswa` VALUES (1157, 'M. Rusdi', 'D412011015', 12, '2020', NULL);
INSERT INTO `mahasiswa` VALUES (1158, 'Maseagreson', 'D412011016', 12, '2020', NULL);
INSERT INTO `mahasiswa` VALUES (1159, 'Mayaningrahayu', 'D412011017', 12, '2020', NULL);
INSERT INTO `mahasiswa` VALUES (1160, 'Mochammad Wafiq Apriawan', 'D412011018', 12, '2020', NULL);
INSERT INTO `mahasiswa` VALUES (1161, 'Bagas Arya Utama', 'D412011036', 12, '2020', NULL);
INSERT INTO `mahasiswa` VALUES (1162, 'Fahri Irmansyah', 'D412011037', 12, '2020', NULL);
INSERT INTO `mahasiswa` VALUES (1163, 'Girald Alwi Purba', 'D412011038', 12, '2020', NULL);
INSERT INTO `mahasiswa` VALUES (1164, 'Hisyam Raihan Gunawan', 'D412011039', 12, '2020', NULL);
INSERT INTO `mahasiswa` VALUES (1165, 'Mochammad Farhan Arrazzaq', 'D412011040', 12, '2020', NULL);
INSERT INTO `mahasiswa` VALUES (1166, 'Muh Syahdan Sapril Nabila', 'D412011041', 12, '2020', NULL);
INSERT INTO `mahasiswa` VALUES (1167, 'Muhammad Faisal Firmansyah', 'D412011042', 12, '2020', NULL);
INSERT INTO `mahasiswa` VALUES (1168, 'Nafidz Ghifari Kurniawan', 'D412011043', 12, '2020', NULL);
INSERT INTO `mahasiswa` VALUES (1169, 'Regi Regiyana', 'D412011044', 12, '2020', NULL);
INSERT INTO `mahasiswa` VALUES (1170, 'Sony Sanjaya', 'D412011045', 12, '2020', NULL);
INSERT INTO `mahasiswa` VALUES (1171, 'Oscar Agusti Pratama', 'D412011057', 12, '2020', NULL);
INSERT INTO `mahasiswa` VALUES (1172, 'Rhafael Anugerah', 'D412011059', 12, '2020', NULL);
INSERT INTO `mahasiswa` VALUES (1173, 'Muhammad Asmara Gama', 'D412011019', 12, '2020', NULL);
INSERT INTO `mahasiswa` VALUES (1174, 'Nico Alviandy', 'D412011020', 12, '2020', NULL);
INSERT INTO `mahasiswa` VALUES (1175, 'Rahel Dorkas', 'D412011021', 12, '2020', NULL);
INSERT INTO `mahasiswa` VALUES (1176, 'Reynaldi Herdiansyah', 'D412011022', 12, '2020', NULL);
INSERT INTO `mahasiswa` VALUES (1177, 'Ridfan Mahesa Sopian', 'D412011023', 12, '2020', NULL);
INSERT INTO `mahasiswa` VALUES (1178, 'Rizki Ahmad Mulyana', 'D412011024', 12, '2020', NULL);
INSERT INTO `mahasiswa` VALUES (1179, 'Sahrul Muharam', 'D412011025', 12, '2020', NULL);
INSERT INTO `mahasiswa` VALUES (1180, 'Satriana T', 'D412011026', 12, '2020', NULL);
INSERT INTO `mahasiswa` VALUES (1181, 'Sherli Orliana Karim', 'D412011027', 12, '2020', NULL);
INSERT INTO `mahasiswa` VALUES (1182, 'Sherlina', 'D412011028', 12, '2020', NULL);
INSERT INTO `mahasiswa` VALUES (1183, 'Sri Wahyu Puji Lestari', 'D412011029', 12, '2020', NULL);
INSERT INTO `mahasiswa` VALUES (1184, 'Supra', 'D412011030', 12, '2020', NULL);
INSERT INTO `mahasiswa` VALUES (1185, 'Tina Rustinawati', 'D412011031', 12, '2020', NULL);
INSERT INTO `mahasiswa` VALUES (1186, 'Windi Darmaisha Putri', 'D412011032', 12, '2020', NULL);
INSERT INTO `mahasiswa` VALUES (1187, 'Yakobus Beto Rema', 'D412011033', 12, '2020', NULL);
INSERT INTO `mahasiswa` VALUES (1188, 'Yehezkiel Kristiadi', 'D412011034', 12, '2020', NULL);
INSERT INTO `mahasiswa` VALUES (1189, 'Gandi Muntholib', 'D412011035', 12, '2020', NULL);
INSERT INTO `mahasiswa` VALUES (1190, 'Fahmi Khairi Al \'Azmi', 'D412011046', 12, '2020', NULL);
INSERT INTO `mahasiswa` VALUES (1191, 'Ghiffari jakkawali', 'D412011047', 12, '2020', NULL);
INSERT INTO `mahasiswa` VALUES (1192, 'Hafidz Hasan Komara', 'D412011048', 12, '2020', NULL);
INSERT INTO `mahasiswa` VALUES (1193, 'La Umar Gemba', 'D412011049', 12, '2020', NULL);
INSERT INTO `mahasiswa` VALUES (1194, 'Mohammad Robi Nasihin', 'D412011050', 12, '2020', NULL);
INSERT INTO `mahasiswa` VALUES (1195, 'Muhammad Alif Taqy', 'D412011051', 12, '2020', NULL);
INSERT INTO `mahasiswa` VALUES (1196, 'Muhammad Yazid Kurnia', 'D412011052', 12, '2020', NULL);
INSERT INTO `mahasiswa` VALUES (1197, 'Rangga Lingga Wirawan', 'D412011053', 12, '2020', NULL);
INSERT INTO `mahasiswa` VALUES (1198, 'Ridwan Muhammad Malik', 'D412011054', 12, '2020', NULL);
INSERT INTO `mahasiswa` VALUES (1199, 'Yuda Anugrah Agung', 'D412011055', 12, '2020', NULL);
INSERT INTO `mahasiswa` VALUES (1200, 'Muh Syahdan Sapril Nabila', 'D412011056', 12, '2020', NULL);
INSERT INTO `mahasiswa` VALUES (1201, 'Riqi Muhtar Nawawi', 'D412011058', 12, '2020', NULL);
INSERT INTO `mahasiswa` VALUES (1202, 'Aldi Wandani', 'D412021060', 12, '2020', NULL);
INSERT INTO `mahasiswa` VALUES (1203, 'Andre Niki Kosasih', 'D412021061', 12, '2020', NULL);
INSERT INTO `mahasiswa` VALUES (1204, 'Fiqri Randika Sole', 'D412021062', 12, '2020', NULL);
INSERT INTO `mahasiswa` VALUES (1205, 'Firmansah', 'D412021063', 12, '2020', NULL);
INSERT INTO `mahasiswa` VALUES (1206, 'Hanna Widhianty', 'D412021064', 12, '2020', NULL);
INSERT INTO `mahasiswa` VALUES (1207, 'Herman Jaya Waruwu', 'D412021065', 12, '2020', NULL);
INSERT INTO `mahasiswa` VALUES (1208, 'M Wildan Prasetya', 'D412021066', 12, '2020', NULL);
INSERT INTO `mahasiswa` VALUES (1209, 'Mochamad Yudi Fauzi', 'D412021067', 12, '2020', NULL);
INSERT INTO `mahasiswa` VALUES (1210, 'Muhamad Ramdan', 'D412021068', 12, '2020', NULL);
INSERT INTO `mahasiswa` VALUES (1211, 'Muhamad Rizki Hermawan', 'D412021069', 12, '2020', NULL);
INSERT INTO `mahasiswa` VALUES (1212, 'Muhammad Zaky Reihan Azzahiru', 'D412021070', 12, '2020', NULL);
INSERT INTO `mahasiswa` VALUES (1213, 'Muhamad Zeda', 'D412021071', 12, '2020', NULL);
INSERT INTO `mahasiswa` VALUES (1214, 'Muhammad Misbahuddin', 'D412021072', 12, '2020', NULL);
INSERT INTO `mahasiswa` VALUES (1215, 'Mochamad Aris Pangestu', 'D412021073', 12, '2020', NULL);
INSERT INTO `mahasiswa` VALUES (1216, 'Ridwan Hidayat', 'D412021074', 12, '2020', NULL);
INSERT INTO `mahasiswa` VALUES (1217, 'Agi Purwaganda', 'D412021075', 12, '2020', NULL);
INSERT INTO `mahasiswa` VALUES (1218, 'Oki Ilham Permana', 'D412021076', 12, '2020', NULL);
INSERT INTO `mahasiswa` VALUES (1219, 'Palhan Aladjmi', 'D412021077', 12, '2020', NULL);
INSERT INTO `mahasiswa` VALUES (1220, 'Mochamad Rafly Gustayandra', 'D412021078', 12, '2020', NULL);
INSERT INTO `mahasiswa` VALUES (1221, 'Sungkawa Candra Dinata', 'D412021079', 12, '2020', NULL);
INSERT INTO `mahasiswa` VALUES (1222, 'Rizal Tri Handoyo', 'D412021080', 12, '2020', NULL);
INSERT INTO `mahasiswa` VALUES (1223, 'Anwar', 'D212011001', 11, '2020', NULL);
INSERT INTO `mahasiswa` VALUES (1224, 'Asep Romi Sulaeman', 'D212011002', 11, '2020', NULL);
INSERT INTO `mahasiswa` VALUES (1225, 'Denafa Rahma Syaumi', 'D212011003', 11, '2020', NULL);
INSERT INTO `mahasiswa` VALUES (1226, 'Deti Mega Mustika', 'D212011004', 11, '2020', NULL);
INSERT INTO `mahasiswa` VALUES (1227, 'Dian Chritie Monica', 'D212011005', 11, '2020', NULL);
INSERT INTO `mahasiswa` VALUES (1228, 'Diana Sukma Ayu', 'D212011006', 11, '2020', NULL);
INSERT INTO `mahasiswa` VALUES (1229, 'Diyana', 'D212011007', 11, '2020', NULL);
INSERT INTO `mahasiswa` VALUES (1230, 'Elmi Ajeng Emilia', 'D212011008', 11, '2020', NULL);
INSERT INTO `mahasiswa` VALUES (1231, 'Fathia Andini Nurhairani', 'D212011010', 11, '2020', NULL);
INSERT INTO `mahasiswa` VALUES (1232, 'Fingki Andriani', 'D212011011', 11, '2020', NULL);
INSERT INTO `mahasiswa` VALUES (1233, 'Ghifar Julham Hasannudin', 'D212011012', 11, '2020', NULL);
INSERT INTO `mahasiswa` VALUES (1234, 'Haidar Fadhli Muhammad', 'D212011013', 11, '2020', NULL);
INSERT INTO `mahasiswa` VALUES (1235, 'Intan Fahrina', 'D212011014', 11, '2020', NULL);
INSERT INTO `mahasiswa` VALUES (1236, 'Lena Marsiyah', 'D212011015', 11, '2020', NULL);
INSERT INTO `mahasiswa` VALUES (1237, 'Lukman Hakim', 'D212011016', 11, '2020', NULL);
INSERT INTO `mahasiswa` VALUES (1238, 'Luthfiah Affah', 'D212011017', 11, '2020', NULL);
INSERT INTO `mahasiswa` VALUES (1239, 'Muhammad Adityasa', 'D212011018', 11, '2020', NULL);
INSERT INTO `mahasiswa` VALUES (1240, 'Nadinda Sri Rahayu', 'D212011019', 11, '2020', NULL);
INSERT INTO `mahasiswa` VALUES (1241, 'Neng Sari Ratna Widya Ningsih', 'D212011020', 11, '2020', NULL);
INSERT INTO `mahasiswa` VALUES (1242, 'Mayang Sari', 'D212011021', 11, '2020', NULL);
INSERT INTO `mahasiswa` VALUES (1243, 'Pratiwi Mangkul Hasanah', 'D212011022', 11, '2020', NULL);
INSERT INTO `mahasiswa` VALUES (1244, 'Priawan Baruna Kresnawan', 'D212011023', 11, '2020', NULL);
INSERT INTO `mahasiswa` VALUES (1245, 'Annisa Nanda Syafira', 'D212011047', 11, '2020', NULL);
INSERT INTO `mahasiswa` VALUES (1246, 'Aulia Nur Hayati', 'D212011048', 11, '2020', NULL);
INSERT INTO `mahasiswa` VALUES (1247, 'Chantika Indra Putri', 'D212011049', 11, '2020', NULL);
INSERT INTO `mahasiswa` VALUES (1248, 'Eka Kurnia Dewi', 'D212011050', 11, '2020', NULL);
INSERT INTO `mahasiswa` VALUES (1249, 'Mukhammad Alfan', 'D212011051', 11, '2020', NULL);
INSERT INTO `mahasiswa` VALUES (1250, 'Nisa Agustina', 'D212011052', 11, '2020', NULL);
INSERT INTO `mahasiswa` VALUES (1251, 'Siti Nurhayati Apriyanti', 'D212011053', 11, '2020', NULL);
INSERT INTO `mahasiswa` VALUES (1252, 'Wikeu Asmara Putri', 'D212011054', 11, '2020', NULL);
INSERT INTO `mahasiswa` VALUES (1253, 'Puja Lestari Nurfauziah', 'D212011024', 11, '2020', NULL);
INSERT INTO `mahasiswa` VALUES (1254, 'Reni Rahmawati', 'D212011025', 11, '2020', NULL);
INSERT INTO `mahasiswa` VALUES (1255, 'Riska Agustin', 'D212011026', 11, '2020', NULL);
INSERT INTO `mahasiswa` VALUES (1256, 'Rizky Permana', 'D212011027', 11, '2020', NULL);
INSERT INTO `mahasiswa` VALUES (1257, 'Salma Fadhila', 'D212011028', 11, '2020', NULL);
INSERT INTO `mahasiswa` VALUES (1258, 'Salma Fauziyyah Firdaus', 'D212011029', 11, '2020', NULL);
INSERT INTO `mahasiswa` VALUES (1259, 'Stepani Juari', 'D212011031', 11, '2020', NULL);
INSERT INTO `mahasiswa` VALUES (1260, 'Suci Kurniawati', 'D212011032', 11, '2020', NULL);
INSERT INTO `mahasiswa` VALUES (1261, 'Syahadah Khoirul Nisa', 'D212011033', 11, '2020', NULL);
INSERT INTO `mahasiswa` VALUES (1262, 'Tia Indriani Rukmana', 'D212011034', 11, '2020', NULL);
INSERT INTO `mahasiswa` VALUES (1263, 'Umi Zakiyah', 'D212011035', 11, '2020', NULL);
INSERT INTO `mahasiswa` VALUES (1264, 'Wahyuni Makmur', 'D212011036', 11, '2020', NULL);
INSERT INTO `mahasiswa` VALUES (1265, 'Wahid Ahsanul Qoshi', 'D212011037', 11, '2020', NULL);
INSERT INTO `mahasiswa` VALUES (1266, 'Yasni', 'D212011038', 11, '2020', NULL);
INSERT INTO `mahasiswa` VALUES (1267, 'Yudistira Mahesa', 'D212011039', 11, '2020', NULL);
INSERT INTO `mahasiswa` VALUES (1268, 'Yuyun', 'D212011040', 11, '2020', NULL);
INSERT INTO `mahasiswa` VALUES (1269, 'Citra Aldona', 'D212011041', 11, '2020', NULL);
INSERT INTO `mahasiswa` VALUES (1270, 'Asma Nabilah Fauzanurrahiimah', 'D212011042', 11, '2020', NULL);
INSERT INTO `mahasiswa` VALUES (1271, 'Adinda Syafira Qolbin Salim', 'D212011043', 11, '2020', NULL);
INSERT INTO `mahasiswa` VALUES (1272, 'Sakti Ananda Sutisna', 'D212011044', 11, '2020', NULL);
INSERT INTO `mahasiswa` VALUES (1273, 'Wandi Sidik Permana', 'D212011045', 11, '2020', NULL);
INSERT INTO `mahasiswa` VALUES (1274, 'Raihan Soraya', 'D212011046', 11, '2020', NULL);
INSERT INTO `mahasiswa` VALUES (1275, 'Artha Natahamidjaja Surya \'Atmadja', 'D212011055', 11, '2020', NULL);
INSERT INTO `mahasiswa` VALUES (1276, 'Aziz Maulana', 'D212011056', 11, '2020', NULL);
INSERT INTO `mahasiswa` VALUES (1277, 'Dilla Azhara Hayati', 'D212011057', 11, '2020', NULL);
INSERT INTO `mahasiswa` VALUES (1278, 'Muhammad Jidan Ridwanullah', 'D212011058', 11, '2020', NULL);
INSERT INTO `mahasiswa` VALUES (1279, 'Rizki Sabariah', 'D212011060', 11, '2020', NULL);
INSERT INTO `mahasiswa` VALUES (1280, 'Wahyu Muhammad Shidiq', 'D212011061', 11, '2020', NULL);
INSERT INTO `mahasiswa` VALUES (1281, 'Ghilman Muslim Mulyana', 'D212011062', 11, '2020', NULL);
INSERT INTO `mahasiswa` VALUES (1282, 'Siti Hodijah', 'D212011063', 11, '2020', NULL);
INSERT INTO `mahasiswa` VALUES (1283, 'Hashifah Hasna Aghniya', 'D212011064', 11, '2020', NULL);
INSERT INTO `mahasiswa` VALUES (1284, 'Candra Basroni Putra', 'D212021065', 11, '2020', NULL);
INSERT INTO `mahasiswa` VALUES (1285, 'Cindy Julia Putri', 'D212021066', 11, '2020', NULL);
INSERT INTO `mahasiswa` VALUES (1286, 'Riva Nursari Patunisa', 'D212021068', 11, '2020', NULL);
INSERT INTO `mahasiswa` VALUES (1287, 'Triani Novia', 'D212021069', 11, '2020', NULL);
INSERT INTO `mahasiswa` VALUES (1288, 'Saepul Ridwan', 'D212021070', 11, '2020', NULL);
INSERT INTO `mahasiswa` VALUES (1289, 'Renova Febri Adisti', 'D212021071', 11, '2020', NULL);
INSERT INTO `mahasiswa` VALUES (1290, 'Maryati', 'D212021072', 11, '2020', NULL);
INSERT INTO `mahasiswa` VALUES (1291, 'Esti Diana', 'D212011009', 11, '2020', NULL);
INSERT INTO `mahasiswa` VALUES (1292, 'Muhammad Hardiansyah', 'D322011012', 6, '2020', NULL);
INSERT INTO `mahasiswa` VALUES (1293, 'Rafli Alhafizh', 'D212021067', 11, '2020', NULL);
INSERT INTO `mahasiswa` VALUES (1294, 'Wahyudhi Adi Nugroho', 'D112011092', 3, '2020', NULL);
INSERT INTO `mahasiswa` VALUES (1295, 'Eka Saputra', 'D512011034', 1, '2020', NULL);
INSERT INTO `mahasiswa` VALUES (1296, 'Ahmad Rahman Tanjung', 'E522011004', 5, '2020', NULL);
INSERT INTO `mahasiswa` VALUES (1297, 'Gilang Ramdani', 'D412022056', 12, '2019', NULL);
INSERT INTO `mahasiswa` VALUES (1298, 'Syuhud Sujudi Nur Ihsan', 'D412022057', 12, '2019', NULL);
INSERT INTO `mahasiswa` VALUES (1299, 'Geri Andesta', 'D2119110', 11, '2019', NULL);
INSERT INTO `mahasiswa` VALUES (1300, 'Fajar Rahmat Naryana', 'D312022063', 6, '2019', NULL);
INSERT INTO `mahasiswa` VALUES (1301, 'Fernando Tomy Oskar Parmahan', 'D112022118', 3, '2020', NULL);
INSERT INTO `mahasiswa` VALUES (1302, 'Fendika Setiawan Nugraha', 'D412022081', 12, '2020', NULL);
INSERT INTO `mahasiswa` VALUES (1303, 'Bella Amalia Gunawan', 'E112111001', 7, '2021', NULL);
INSERT INTO `mahasiswa` VALUES (1304, 'Ester Grasia Cristamto', 'E112111002', 7, '2021', NULL);
INSERT INTO `mahasiswa` VALUES (1305, 'Satrio Cahyo Nuswantoro', 'E112111004', 7, '2021', NULL);
INSERT INTO `mahasiswa` VALUES (1306, 'Tasya Vania Amareza', 'E112111005', 7, '2021', NULL);
INSERT INTO `mahasiswa` VALUES (1307, 'Aldi Rypaldi', 'E212111001', 8, '2021', NULL);
INSERT INTO `mahasiswa` VALUES (1308, 'Aria Fajar Ramadhan', 'E212111002', 8, '2021', NULL);
INSERT INTO `mahasiswa` VALUES (1309, 'Farizal Haeril Ihwan', 'E212111003', 8, '2021', NULL);
INSERT INTO `mahasiswa` VALUES (1310, 'Firman Nurdiansyah', 'E212111004', 8, '2021', NULL);
INSERT INTO `mahasiswa` VALUES (1311, 'Gian Riswanda Imawan', 'E212111005', 8, '2021', NULL);
INSERT INTO `mahasiswa` VALUES (1312, 'Ilham Syamtiar Pratama', 'E212111006', 8, '2021', NULL);
INSERT INTO `mahasiswa` VALUES (1313, 'Kiki Prayoga', 'E212111007', 8, '2021', NULL);
INSERT INTO `mahasiswa` VALUES (1314, 'Regin Ahmad Mustajab', 'E212111008', 8, '2021', NULL);
INSERT INTO `mahasiswa` VALUES (1315, 'Ridhwan Sulaeman', 'E212111009', 8, '2021', NULL);
INSERT INTO `mahasiswa` VALUES (1316, 'Rikza Febrian', 'E212111010', 8, '2021', NULL);
INSERT INTO `mahasiswa` VALUES (1317, 'Riski Saputra Ndraha', 'E212111011', 8, '2021', NULL);
INSERT INTO `mahasiswa` VALUES (1318, 'Suhendar', 'E212111012', 8, '2021', NULL);
INSERT INTO `mahasiswa` VALUES (1319, 'Akmal Agung Ridwansyah', 'E312111001', 4, '2021', NULL);
INSERT INTO `mahasiswa` VALUES (1320, 'Bintang Aditya Nugraha', 'E312111002', 4, '2021', NULL);
INSERT INTO `mahasiswa` VALUES (1321, 'Elsan Nurifan', 'E312111003', 4, '2021', NULL);
INSERT INTO `mahasiswa` VALUES (1322, 'Ilham Rizky Nugraha', 'E312111004', 4, '2021', NULL);
INSERT INTO `mahasiswa` VALUES (1323, 'Intan Pertiwi', 'E312111005', 4, '2021', NULL);
INSERT INTO `mahasiswa` VALUES (1324, 'Mila Mustika Sari', 'E312111006', 4, '2021', NULL);
INSERT INTO `mahasiswa` VALUES (1325, 'Muh Alimuddin', 'E312111007', 4, '2021', NULL);
INSERT INTO `mahasiswa` VALUES (1326, 'Muhamad Iqbal Pediansyah', 'E312111008', 4, '2021', NULL);
INSERT INTO `mahasiswa` VALUES (1327, 'Nandika Pebrian', 'E312111009', 4, '2021', NULL);
INSERT INTO `mahasiswa` VALUES (1328, 'Rizqi Setiawan', 'E312111010', 4, '2021', NULL);
INSERT INTO `mahasiswa` VALUES (1329, 'Farza Rafiandri', 'E412111001', 9, '2021', NULL);
INSERT INTO `mahasiswa` VALUES (1330, 'Jihad Faris Muslim', 'E412111002', 9, '2021', NULL);
INSERT INTO `mahasiswa` VALUES (1331, 'Muhamad Ramdhan', 'E412111003', 9, '2021', NULL);
INSERT INTO `mahasiswa` VALUES (1332, 'Muhammad Fikry Haiqal', 'E412111004', 9, '2021', NULL);
INSERT INTO `mahasiswa` VALUES (1333, 'Muhammad Ihsan Hanif Sarumpaet', 'E412111005', 9, '2021', NULL);
INSERT INTO `mahasiswa` VALUES (1334, 'Mochamad Prasetyo Dwiyanto', 'E412111006', 9, '2021', NULL);
INSERT INTO `mahasiswa` VALUES (1335, 'Nauval Faisal Hakim', 'E412111007', 9, '2021', NULL);
INSERT INTO `mahasiswa` VALUES (1336, 'Rahman Hakim', 'E412111008', 9, '2021', NULL);
INSERT INTO `mahasiswa` VALUES (1337, 'Rohmat Akbar', 'E412111009', 9, '2021', NULL);
INSERT INTO `mahasiswa` VALUES (1338, 'Yayan Ramdhani Hidayat', 'E412111010', 9, '2021', NULL);
INSERT INTO `mahasiswa` VALUES (1339, 'Akbar Maulana', 'E412121021', 9, '2021', NULL);
INSERT INTO `mahasiswa` VALUES (1340, 'Arriva Syahzalbilla Maysha Achmad', 'E412121022', 9, '2021', NULL);
INSERT INTO `mahasiswa` VALUES (1341, 'Asep Rochman', 'E412121023', 9, '2021', NULL);
INSERT INTO `mahasiswa` VALUES (1342, 'Bagas Gentara Pribadi', 'E412121024', 9, '2021', NULL);
INSERT INTO `mahasiswa` VALUES (1343, 'Gustina Kartadinata', 'E412121025', 9, '2021', NULL);
INSERT INTO `mahasiswa` VALUES (1344, 'Miftahul Sidik', 'E412121026', 9, '2021', NULL);
INSERT INTO `mahasiswa` VALUES (1345, 'Rizki Kurnia Afiyanto', 'E412121027', 9, '2021', NULL);
INSERT INTO `mahasiswa` VALUES (1346, 'Sabrina Nurul Azizah', 'E512111001', 6, '2021', NULL);
INSERT INTO `mahasiswa` VALUES (1347, 'Abdul Aziz', 'E512111002', 6, '2021', NULL);
INSERT INTO `mahasiswa` VALUES (1348, 'Azhar Kamalludin', 'E512111003', 6, '2021', NULL);
INSERT INTO `mahasiswa` VALUES (1349, 'Azka Muhamad. Satria Khalifarachman', 'E512111004', 6, '2021', NULL);
INSERT INTO `mahasiswa` VALUES (1350, 'Herlangga Marga Laksono', 'E512111005', 6, '2021', NULL);
INSERT INTO `mahasiswa` VALUES (1351, 'Ramdan Suryadi', 'E512111006', 6, '2021', NULL);
INSERT INTO `mahasiswa` VALUES (1352, 'Suprapto', 'E512111007', 6, '2021', NULL);
INSERT INTO `mahasiswa` VALUES (1353, 'Taufiq Sundani Ramadhan Rukmana', 'E512111008', 6, '2021', NULL);
INSERT INTO `mahasiswa` VALUES (1354, 'Ageng Naufal Anwar', 'E522111001', 5, '2021', NULL);
INSERT INTO `mahasiswa` VALUES (1355, 'Agil Zelva Rian Rivaldi', 'E522111002', 5, '2021', NULL);
INSERT INTO `mahasiswa` VALUES (1356, 'Ahmad Zakiy Mubaroq', 'E522111003', 5, '2021', NULL);
INSERT INTO `mahasiswa` VALUES (1357, 'Alfi Zahri', 'E522111004', 5, '2021', NULL);
INSERT INTO `mahasiswa` VALUES (1358, 'Ariansa', 'E522111005', 5, '2021', NULL);
INSERT INTO `mahasiswa` VALUES (1359, 'Dellorto Dwi Safaryanto', 'E522111006', 5, '2021', NULL);
INSERT INTO `mahasiswa` VALUES (1360, 'Den Rafid Rizkulloh', 'E522111007', 5, '2021', NULL);
INSERT INTO `mahasiswa` VALUES (1361, 'Deonal Alfredo Manurung', 'E522111008', 5, '2021', NULL);
INSERT INTO `mahasiswa` VALUES (1362, 'Dimas Prasetya Miraja', 'E522111009', 5, '2021', NULL);
INSERT INTO `mahasiswa` VALUES (1363, 'Doni Prayoga', 'E522111010', 5, '2021', NULL);
INSERT INTO `mahasiswa` VALUES (1364, 'Eka Prihandoko', 'E522111011', 5, '2021', NULL);
INSERT INTO `mahasiswa` VALUES (1365, 'Fedro Ardian Mursalin', 'E522111012', 5, '2021', NULL);
INSERT INTO `mahasiswa` VALUES (1366, 'Hanif Muzmunafis', 'E522111013', 5, '2021', NULL);
INSERT INTO `mahasiswa` VALUES (1367, 'Hussein Abu Ahmad', 'E522111014', 5, '2021', NULL);
INSERT INTO `mahasiswa` VALUES (1368, 'M. Abyan Fito Ramadhan', 'E522111015', 5, '2021', NULL);
INSERT INTO `mahasiswa` VALUES (1369, 'Martin Nugraha', 'E522111016', 5, '2021', NULL);
INSERT INTO `mahasiswa` VALUES (1370, 'Memet Supandi', 'E522111017', 5, '2021', NULL);
INSERT INTO `mahasiswa` VALUES (1371, 'Muhamad Rusdi', 'E522111018', 5, '2021', NULL);
INSERT INTO `mahasiswa` VALUES (1372, 'Muhammad Aldi Azis', 'E522111019', 5, '2021', NULL);
INSERT INTO `mahasiswa` VALUES (1373, 'Muhammad Rafhi Akbar', 'E522111020', 5, '2021', NULL);
INSERT INTO `mahasiswa` VALUES (1374, 'Muthohoroh Ginandi', 'E522111021', 5, '2021', NULL);
INSERT INTO `mahasiswa` VALUES (1375, 'Pele Virgiawan', 'E522111022', 5, '2021', NULL);
INSERT INTO `mahasiswa` VALUES (1376, 'Reynaldi', 'E522111023', 5, '2021', NULL);
INSERT INTO `mahasiswa` VALUES (1377, 'Ropiq Ramdan Alzakiy', 'E522111024', 5, '2021', NULL);
INSERT INTO `mahasiswa` VALUES (1378, 'Rynaldi', 'E522111025', 5, '2021', NULL);
INSERT INTO `mahasiswa` VALUES (1379, 'Sonny Asmara', 'E522111026', 5, '2021', NULL);
INSERT INTO `mahasiswa` VALUES (1380, 'Desti Nopelia Safitri', 'E612111001', 10, '2021', NULL);
INSERT INTO `mahasiswa` VALUES (1381, 'Vina Yunika', 'E612111002', 10, '2021', NULL);
INSERT INTO `mahasiswa` VALUES (1382, 'Winaliani', 'E612111003', 10, '2021', NULL);
INSERT INTO `mahasiswa` VALUES (1383, 'Alif Aziz Ghifari Putra', 'E612111004', 10, '2021', NULL);
INSERT INTO `mahasiswa` VALUES (1384, 'Ayu Puspita Ningsih', 'E612111005', 10, '2021', NULL);
INSERT INTO `mahasiswa` VALUES (1385, 'Budiarti Puspitasari', 'E612111006', 10, '2021', NULL);
INSERT INTO `mahasiswa` VALUES (1386, 'Difa Fachrezi', 'E612111007', 10, '2021', NULL);
INSERT INTO `mahasiswa` VALUES (1387, 'Neng Winda Hartini', 'E612111008', 10, '2021', NULL);
INSERT INTO `mahasiswa` VALUES (1388, 'Rindiani', 'E612111009', 10, '2021', NULL);
INSERT INTO `mahasiswa` VALUES (1389, 'Amelia Devi Cahyati', 'E712111001', 2, '2021', NULL);
INSERT INTO `mahasiswa` VALUES (1390, 'Anisa Widiawati', 'E712111002', 2, '2021', NULL);
INSERT INTO `mahasiswa` VALUES (1391, 'Meyta Maulida', 'E712111003', 2, '2021', NULL);
INSERT INTO `mahasiswa` VALUES (1392, 'Nirha Hely Ramadhani', 'E712111004', 2, '2021', NULL);
INSERT INTO `mahasiswa` VALUES (1393, 'Salwa Alya Cahyani', 'E712111005', 2, '2021', NULL);
INSERT INTO `mahasiswa` VALUES (1394, 'Abdul Basit Nugraha', 'E712111006', 2, '2021', NULL);
INSERT INTO `mahasiswa` VALUES (1395, 'Ahmad Hendra Fauzan', 'E712111007', 2, '2021', NULL);
INSERT INTO `mahasiswa` VALUES (1396, 'Alfina Nur Aini', 'E712111008', 2, '2021', NULL);
INSERT INTO `mahasiswa` VALUES (1397, 'Alvia Dinda Rizkika', 'E712111009', 2, '2021', NULL);
INSERT INTO `mahasiswa` VALUES (1398, 'Alya Anisa', 'E712111010', 2, '2021', NULL);
INSERT INTO `mahasiswa` VALUES (1399, 'Azzahra Inda Rahmatya', 'E712111011', 2, '2021', NULL);
INSERT INTO `mahasiswa` VALUES (1400, 'Chesilia Rizky Ramadhanty', 'E712111012', 2, '2021', NULL);
INSERT INTO `mahasiswa` VALUES (1401, 'Dafita Nur Alifah', 'E712111013', 2, '2021', NULL);
INSERT INTO `mahasiswa` VALUES (1402, 'Daniel Satria Dwiputra Sairoen', 'E712111014', 2, '2021', NULL);
INSERT INTO `mahasiswa` VALUES (1403, 'Dela Safitri', 'E712111015', 2, '2021', NULL);
INSERT INTO `mahasiswa` VALUES (1404, 'Eli Amelia', 'E712111016', 2, '2021', NULL);
INSERT INTO `mahasiswa` VALUES (1405, 'Erina Jihan Nurhikmah', 'E712111017', 2, '2021', NULL);
INSERT INTO `mahasiswa` VALUES (1406, 'Fitria Azzahra', 'E712111018', 2, '2021', NULL);
INSERT INTO `mahasiswa` VALUES (1407, 'Gina Fajriani', 'E712111019', 2, '2021', NULL);
INSERT INTO `mahasiswa` VALUES (1408, 'Intan Sriwahyu Rizky', 'E712111020', 2, '2021', NULL);
INSERT INTO `mahasiswa` VALUES (1409, 'Laili Sania Hurin Auliadina', 'E712111021', 2, '2021', NULL);
INSERT INTO `mahasiswa` VALUES (1410, 'M. Luthfi Alkhawari', 'E712111022', 2, '2021', NULL);
INSERT INTO `mahasiswa` VALUES (1411, 'Marisa', 'E712111023', 2, '2021', NULL);
INSERT INTO `mahasiswa` VALUES (1412, 'Meidina Prameswari Dipa Utami', 'E712111024', 2, '2021', NULL);
INSERT INTO `mahasiswa` VALUES (1413, 'Neng Rosy Junia Agustin', 'E712111025', 2, '2021', NULL);
INSERT INTO `mahasiswa` VALUES (1414, 'Nur Azizah', 'E712111026', 2, '2021', NULL);
INSERT INTO `mahasiswa` VALUES (1415, 'Rani Permata Sari', 'E712111027', 2, '2021', NULL);
INSERT INTO `mahasiswa` VALUES (1416, 'Rania Salsabila', 'E712111028', 2, '2021', NULL);
INSERT INTO `mahasiswa` VALUES (1417, 'Regyna Azzahra Sopandi', 'E712111029', 2, '2021', NULL);
INSERT INTO `mahasiswa` VALUES (1418, 'Riska Sopia Marzela', 'E712111030', 2, '2021', NULL);
INSERT INTO `mahasiswa` VALUES (1419, 'Sabrina Enjelina', 'E712111031', 2, '2021', NULL);
INSERT INTO `mahasiswa` VALUES (1420, 'Salsa Aulya', 'E712111032', 2, '2021', NULL);
INSERT INTO `mahasiswa` VALUES (1421, 'Sinta Purnamasari Putri', 'E712111033', 2, '2021', NULL);
INSERT INTO `mahasiswa` VALUES (1422, 'Tharisma Agustine', 'E712111034', 2, '2021', NULL);
INSERT INTO `mahasiswa` VALUES (1423, 'Inal Abidin', 'E712111035', 2, '2021', NULL);
INSERT INTO `mahasiswa` VALUES (1424, 'Muhamad Anwar Fauzy', 'E712111036', 2, '2021', NULL);
INSERT INTO `mahasiswa` VALUES (1425, 'Desi Ariyani', 'E712111044', 2, '2021', NULL);
INSERT INTO `mahasiswa` VALUES (1426, 'Ghifari Nor Amarullah Dirgayusa', 'E712111045', 2, '2021', NULL);
INSERT INTO `mahasiswa` VALUES (1427, 'Hadi Mustofa', 'E712111046', 2, '2021', NULL);
INSERT INTO `mahasiswa` VALUES (1428, 'Mutiara Aulia Nur', 'E712111047', 2, '2021', NULL);
INSERT INTO `mahasiswa` VALUES (1429, 'Reni Ameliah', 'E712111048', 2, '2021', NULL);
INSERT INTO `mahasiswa` VALUES (1430, 'Ajeng Try Aulia', 'D122111001', 2, '2021', NULL);
INSERT INTO `mahasiswa` VALUES (1431, 'Alaminsyah', 'D122111002', 2, '2021', NULL);
INSERT INTO `mahasiswa` VALUES (1432, 'Andreo Gaferoh', 'D122111003', 2, '2021', NULL);
INSERT INTO `mahasiswa` VALUES (1433, 'Annisya Nadia Ruana', 'D122111004', 2, '2021', NULL);
INSERT INTO `mahasiswa` VALUES (1434, 'Dian Febryanti', 'D122111005', 2, '2021', NULL);
INSERT INTO `mahasiswa` VALUES (1435, 'Dwi Novita Sari', 'D122111006', 2, '2021', NULL);
INSERT INTO `mahasiswa` VALUES (1436, 'Elisa Karla', 'D122111007', 2, '2021', NULL);
INSERT INTO `mahasiswa` VALUES (1437, 'Indah Mulia Farisa', 'D122111008', 2, '2021', NULL);
INSERT INTO `mahasiswa` VALUES (1438, 'Irgi Sanda Padisa', 'D122111009', 2, '2021', NULL);
INSERT INTO `mahasiswa` VALUES (1439, 'Kgs M Fauzan Fajari', 'D122111010', 2, '2021', NULL);
INSERT INTO `mahasiswa` VALUES (1440, 'M Alif Zayyan', 'D122111011', 2, '2021', NULL);
INSERT INTO `mahasiswa` VALUES (1441, 'M Arif Abdillah', 'D122111012', 2, '2021', NULL);
INSERT INTO `mahasiswa` VALUES (1442, 'Mega Juli Utami', 'D122111013', 2, '2021', NULL);
INSERT INTO `mahasiswa` VALUES (1443, 'Melda Arianti', 'D122111014', 2, '2021', NULL);
INSERT INTO `mahasiswa` VALUES (1444, 'Muhammad Nuril Huda', 'D122111147', 2, '2021', NULL);
INSERT INTO `mahasiswa` VALUES (1445, 'Novi Irawati', 'D122111016', 2, '2021', NULL);
INSERT INTO `mahasiswa` VALUES (1446, 'Rahmayani', 'D122111017', 2, '2021', NULL);
INSERT INTO `mahasiswa` VALUES (1447, 'Setya Apriyanti', 'D122111018', 2, '2021', NULL);
INSERT INTO `mahasiswa` VALUES (1448, 'Tasya Dwi Kurnia', 'D122111019', 2, '2021', NULL);
INSERT INTO `mahasiswa` VALUES (1449, 'Witriah Destriani', 'D122111020', 2, '2021', NULL);
INSERT INTO `mahasiswa` VALUES (1450, 'Yeriska', 'D122111021', 2, '2021', NULL);
INSERT INTO `mahasiswa` VALUES (1451, 'Apriani Arsad', 'D122111022', 2, '2021', NULL);
INSERT INTO `mahasiswa` VALUES (1452, 'Vica Vijayanti', 'D122111023', 2, '2021', NULL);
INSERT INTO `mahasiswa` VALUES (1453, 'Fitria Ramadhani Karim', 'D122111024', 2, '2021', NULL);
INSERT INTO `mahasiswa` VALUES (1454, 'Rika Risti Fauziah', 'D122111025', 2, '2021', NULL);
INSERT INTO `mahasiswa` VALUES (1455, 'Sy. Nur Qamaria Albaar', 'D122111026', 2, '2021', NULL);
INSERT INTO `mahasiswa` VALUES (1456, 'Ramananda Jadid Syahdan', 'D122111027', 2, '2021', NULL);
INSERT INTO `mahasiswa` VALUES (1457, 'Ade Rizki As', 'D112111001', 3, '2021', NULL);
INSERT INTO `mahasiswa` VALUES (1458, 'Agung Nugraha Bifadlillah', 'D112111002', 3, '2021', NULL);
INSERT INTO `mahasiswa` VALUES (1459, 'Andre Tri Rizky Ariyanto', 'D112111003', 3, '2021', NULL);
INSERT INTO `mahasiswa` VALUES (1460, 'Diva Ramadhan', 'D112111004', 3, '2021', NULL);
INSERT INTO `mahasiswa` VALUES (1461, 'Iqbal Heriyadi', 'D112111005', 3, '2021', NULL);
INSERT INTO `mahasiswa` VALUES (1462, 'Moch. Ziad Al Islam', 'D112111006', 3, '2021', NULL);
INSERT INTO `mahasiswa` VALUES (1463, 'Mochammad Fajar Fadhillah', 'D112111007', 3, '2021', NULL);
INSERT INTO `mahasiswa` VALUES (1464, 'Muhamad Irgi Juliansyah', 'D112111008', 3, '2021', NULL);
INSERT INTO `mahasiswa` VALUES (1465, 'Muhamad Rizki Maulana', 'D112111009', 3, '2021', NULL);
INSERT INTO `mahasiswa` VALUES (1466, 'Muhammad Maksum', 'D112111010', 3, '2021', NULL);
INSERT INTO `mahasiswa` VALUES (1467, 'Puput Amelia Effendi', 'D112111011', 3, '2021', NULL);
INSERT INTO `mahasiswa` VALUES (1468, 'Sela Pebriana', 'D112111012', 3, '2021', NULL);
INSERT INTO `mahasiswa` VALUES (1469, 'Stanley Setiawan Bubua', 'D112111013', 3, '2021', NULL);
INSERT INTO `mahasiswa` VALUES (1470, 'Taufik Fajar Mustafa', 'D112111014', 3, '2021', NULL);
INSERT INTO `mahasiswa` VALUES (1471, 'Alma Sulaiman', 'D112111015', 3, '2021', NULL);
INSERT INTO `mahasiswa` VALUES (1472, 'Amril Setia Pratama', 'D112111016', 3, '2021', NULL);
INSERT INTO `mahasiswa` VALUES (1473, 'Apdya Amrul Atqia', 'D112111017', 3, '2021', NULL);
INSERT INTO `mahasiswa` VALUES (1474, 'Ari Aditya', 'D112111018', 3, '2021', NULL);
INSERT INTO `mahasiswa` VALUES (1475, 'Arjuna Rinaldi Julianto', 'D112111019', 3, '2021', NULL);
INSERT INTO `mahasiswa` VALUES (1476, 'Elza Satria Bhima Sakti', 'D112111020', 3, '2021', NULL);
INSERT INTO `mahasiswa` VALUES (1477, 'Fadhil Rifgi Pratama', 'D112111021', 3, '2021', NULL);
INSERT INTO `mahasiswa` VALUES (1478, 'Friana Widya Gunawan', 'D112111022', 3, '2021', NULL);
INSERT INTO `mahasiswa` VALUES (1479, 'Gingin Gintara', 'D112111023', 3, '2021', NULL);
INSERT INTO `mahasiswa` VALUES (1480, 'Hadi Fajar Firmansyah', 'D112111024', 3, '2021', NULL);
INSERT INTO `mahasiswa` VALUES (1481, 'Hafizh Maalik Falah', 'D112111025', 3, '2021', NULL);
INSERT INTO `mahasiswa` VALUES (1482, 'Heldi Akbar Kosasih', 'D112111026', 3, '2021', NULL);
INSERT INTO `mahasiswa` VALUES (1483, 'Mochammad Zaid Ilham', 'D112111027', 3, '2021', NULL);
INSERT INTO `mahasiswa` VALUES (1484, 'Muhamad Ridwan', 'D112111028', 3, '2021', NULL);
INSERT INTO `mahasiswa` VALUES (1485, 'Muhammad Apip Pudin Safaat', 'D112111029', 3, '2021', NULL);
INSERT INTO `mahasiswa` VALUES (1486, 'Muhammad Fadli Setiawan', 'D112111030', 3, '2021', NULL);
INSERT INTO `mahasiswa` VALUES (1487, 'Muhammad Naufal Abel Rafi', 'D112111031', 3, '2021', NULL);
INSERT INTO `mahasiswa` VALUES (1488, 'Muhammad Ryan Giggs Simamora', 'D112111032', 3, '2021', NULL);
INSERT INTO `mahasiswa` VALUES (1489, 'Nandan Cahyana', 'D112111033', 3, '2021', NULL);
INSERT INTO `mahasiswa` VALUES (1490, 'Naufal Nafi Dzimar', 'D112111034', 3, '2021', NULL);
INSERT INTO `mahasiswa` VALUES (1491, 'Rangga Dwi Romadhona', 'D112111035', 3, '2021', NULL);
INSERT INTO `mahasiswa` VALUES (1492, 'Rangga Eka Kusuma Dani', 'D112111036', 3, '2021', NULL);
INSERT INTO `mahasiswa` VALUES (1493, 'Rasyid Zanuar Algifari', 'D112111037', 3, '2021', NULL);
INSERT INTO `mahasiswa` VALUES (1494, 'Resa Hardiyanti', 'D112111038', 3, '2021', NULL);
INSERT INTO `mahasiswa` VALUES (1495, 'Ridwan Nurhakim', 'D112111039', 3, '2021', NULL);
INSERT INTO `mahasiswa` VALUES (1496, 'Rudi Riansyah', 'D112111040', 3, '2021', NULL);
INSERT INTO `mahasiswa` VALUES (1497, 'Sultan Saalim Rabbani Atmadja', 'D112111041', 3, '2021', NULL);
INSERT INTO `mahasiswa` VALUES (1498, 'Andre Gunawan', 'D112121051', 3, '2021', NULL);
INSERT INTO `mahasiswa` VALUES (1499, 'Cepi Setiadi', 'D112121052', 3, '2021', NULL);
INSERT INTO `mahasiswa` VALUES (1500, 'Encep Rahman Armana', 'D112121053', 3, '2021', NULL);
INSERT INTO `mahasiswa` VALUES (1501, 'Ikhsan Fauzan', 'D112121054', 3, '2021', NULL);
INSERT INTO `mahasiswa` VALUES (1502, 'Sarah Fadilah Sulaeman', 'D112121055', 3, '2021', NULL);
INSERT INTO `mahasiswa` VALUES (1503, 'Wahyu Safrizal', 'D112121056', 3, '2021', NULL);
INSERT INTO `mahasiswa` VALUES (1504, 'Nur Hidayat', 'D112121057', 3, '2021', NULL);
INSERT INTO `mahasiswa` VALUES (1505, 'Panji Wiranto', 'D112121058', 3, '2021', NULL);
INSERT INTO `mahasiswa` VALUES (1506, 'Wahid Ismail', 'D112121059', 3, '2021', NULL);
INSERT INTO `mahasiswa` VALUES (1507, 'Rifki Andika Maulana', 'D112121060', 3, '2021', NULL);
INSERT INTO `mahasiswa` VALUES (1508, 'Aliftia Radianti Taniasari', 'D212111001', 11, '2021', NULL);
INSERT INTO `mahasiswa` VALUES (1509, 'Cahya Julianti', 'D212111002', 11, '2021', NULL);
INSERT INTO `mahasiswa` VALUES (1510, 'Dasimah Seftiani', 'D212111003', 11, '2021', NULL);
INSERT INTO `mahasiswa` VALUES (1511, 'Desi Syifa Fitria', 'D212111004', 11, '2021', NULL);
INSERT INTO `mahasiswa` VALUES (1512, 'Dewi Yulianti', 'D212111005', 11, '2021', NULL);
INSERT INTO `mahasiswa` VALUES (1513, 'Gita Septiani', 'D212111006', 11, '2021', NULL);
INSERT INTO `mahasiswa` VALUES (1514, 'Ikhlas Wandana', 'D212111007', 11, '2021', NULL);
INSERT INTO `mahasiswa` VALUES (1515, 'Intan Khoirunnisa', 'D212111008', 11, '2021', NULL);
INSERT INTO `mahasiswa` VALUES (1516, 'Islah Nurhasanah', 'D212111009', 11, '2021', NULL);
INSERT INTO `mahasiswa` VALUES (1517, 'Kenia Nurazizah', 'D212111010', 11, '2021', NULL);
INSERT INTO `mahasiswa` VALUES (1518, 'M Rivaldi Hafizd Fathurohman', 'D212111011', 11, '2021', NULL);
INSERT INTO `mahasiswa` VALUES (1519, 'Puspa Dewi Kusumawati', 'D212111012', 11, '2021', NULL);
INSERT INTO `mahasiswa` VALUES (1520, 'Renaldi Irawan', 'D212111013', 11, '2021', NULL);
INSERT INTO `mahasiswa` VALUES (1521, 'Rizaldy Muhamad Sopyan', 'D212111014', 11, '2021', NULL);
INSERT INTO `mahasiswa` VALUES (1522, 'Rudi Loilatu', 'D212111015', 11, '2021', NULL);
INSERT INTO `mahasiswa` VALUES (1523, 'Seli Pebriani', 'D212111016', 11, '2021', NULL);
INSERT INTO `mahasiswa` VALUES (1524, 'Sephia Sumi Jaya Tiningrum', 'D212111017', 11, '2021', NULL);
INSERT INTO `mahasiswa` VALUES (1525, 'Siti Aminah', 'D212111018', 11, '2021', NULL);
INSERT INTO `mahasiswa` VALUES (1526, 'Siti Rismawati', 'D212111019', 11, '2021', NULL);
INSERT INTO `mahasiswa` VALUES (1527, 'Sophia Nurhafshoh Koesnady', 'D212111020', 11, '2021', NULL);
INSERT INTO `mahasiswa` VALUES (1528, 'Triana Siti Aryani', 'D212111021', 11, '2021', NULL);
INSERT INTO `mahasiswa` VALUES (1529, 'Yunita Riani', 'D212111022', 11, '2021', NULL);
INSERT INTO `mahasiswa` VALUES (1530, 'Ajeng Aprilyani', 'D212111023', 11, '2021', NULL);
INSERT INTO `mahasiswa` VALUES (1531, 'Akmal Luthfi Al Baihaqi', 'D212111024', 11, '2021', NULL);
INSERT INTO `mahasiswa` VALUES (1532, 'Aspiya Huwaida', 'D212111025', 11, '2021', NULL);
INSERT INTO `mahasiswa` VALUES (1533, 'Aura Maliya', 'D212111026', 11, '2021', NULL);
INSERT INTO `mahasiswa` VALUES (1534, 'Dapid', 'D212111027', 11, '2021', NULL);
INSERT INTO `mahasiswa` VALUES (1535, 'Fanisa Tri Agna Fata', 'D212111028', 11, '2021', NULL);
INSERT INTO `mahasiswa` VALUES (1536, 'Ineu Rahmawati', 'D212111029', 11, '2021', NULL);
INSERT INTO `mahasiswa` VALUES (1537, 'Muhammad Reza Andriansyah', 'D212111030', 11, '2021', NULL);
INSERT INTO `mahasiswa` VALUES (1538, 'Siti Nur Rohimah', 'D212111031', 11, '2021', NULL);
INSERT INTO `mahasiswa` VALUES (1539, 'Wawan Jefriansyah', 'D212111032', 11, '2021', NULL);
INSERT INTO `mahasiswa` VALUES (1540, 'Ade Agus Kurnia', 'D312111001', 6, '2021', NULL);
INSERT INTO `mahasiswa` VALUES (1541, 'Dadang Ra\'uf Mustofa', 'D312111002', 6, '2021', NULL);
INSERT INTO `mahasiswa` VALUES (1542, 'Naufal Ardiansyah', 'D312111003', 6, '2021', NULL);
INSERT INTO `mahasiswa` VALUES (1543, 'Siti Ridha Inayah', 'D312111004', 6, '2021', NULL);
INSERT INTO `mahasiswa` VALUES (1544, 'Januar Dwigo Budi', 'D312111005', 6, '2021', NULL);
INSERT INTO `mahasiswa` VALUES (1545, 'Luthfi Muhammad Zahra', 'D312111006', 6, '2021', NULL);
INSERT INTO `mahasiswa` VALUES (1546, 'Muhammad Shiddiq Assalam', 'D312111007', 6, '2021', NULL);
INSERT INTO `mahasiswa` VALUES (1547, 'Priyo Susilo', 'D312111008', 6, '2021', NULL);
INSERT INTO `mahasiswa` VALUES (1548, 'Warismanso', 'D312111009', 6, '2021', NULL);
INSERT INTO `mahasiswa` VALUES (1549, 'Yoga Gustian Fadilah', 'D312111010', 6, '2021', NULL);
INSERT INTO `mahasiswa` VALUES (1550, 'Gugum Gumilar', 'D312121019', 6, '2021', NULL);
INSERT INTO `mahasiswa` VALUES (1551, 'Iqbal Risa Sahputera', 'D312121020', 6, '2021', NULL);
INSERT INTO `mahasiswa` VALUES (1552, 'M Januar Fadillah', 'D312121021', 6, '2021', NULL);
INSERT INTO `mahasiswa` VALUES (1553, 'Novan Alfathan', 'D312121022', 6, '2021', NULL);
INSERT INTO `mahasiswa` VALUES (1554, 'Sandy Riyaldy Maulana', 'D312121023', 6, '2021', NULL);
INSERT INTO `mahasiswa` VALUES (1555, 'Setiyana', 'D312121024', 6, '2021', NULL);
INSERT INTO `mahasiswa` VALUES (1556, 'Moetia Bintang Shahira', 'D322111001', 6, '2021', NULL);
INSERT INTO `mahasiswa` VALUES (1557, 'Bahar Dzulfikhar', 'D322111002', 6, '2021', NULL);
INSERT INTO `mahasiswa` VALUES (1558, 'Fariz Muchamad Yusuf', 'D322111003', 6, '2021', NULL);
INSERT INTO `mahasiswa` VALUES (1559, 'Galang Priagada', 'D322111004', 6, '2021', NULL);
INSERT INTO `mahasiswa` VALUES (1560, 'Galang Rambu Mutakin', 'D322111005', 6, '2021', NULL);
INSERT INTO `mahasiswa` VALUES (1561, 'Handi Wibawa', 'D322111006', 6, '2021', NULL);
INSERT INTO `mahasiswa` VALUES (1562, 'Tannio Zinova', 'D322111007', 6, '2021', NULL);
INSERT INTO `mahasiswa` VALUES (1563, 'Yasyfa Maulana Rizqi', 'D322111008', 6, '2021', NULL);
INSERT INTO `mahasiswa` VALUES (1564, 'Arini Silma Wulandari', 'D412111001', 12, '2021', NULL);
INSERT INTO `mahasiswa` VALUES (1565, 'Feby Yansyah', 'D412111002', 12, '2021', NULL);
INSERT INTO `mahasiswa` VALUES (1566, 'Firgia Jaelani', 'D412111003', 12, '2021', NULL);
INSERT INTO `mahasiswa` VALUES (1567, 'Indra Trisna Wijaya', 'D412111004', 12, '2021', NULL);
INSERT INTO `mahasiswa` VALUES (1568, 'Muhammad Fariz Farhan Hanif', 'D412111005', 12, '2021', NULL);
INSERT INTO `mahasiswa` VALUES (1569, 'Muhammad Zulfi Fachrurrozi', 'D412111006', 12, '2021', NULL);
INSERT INTO `mahasiswa` VALUES (1570, 'Sri Lestari', 'D412111007', 12, '2021', NULL);
INSERT INTO `mahasiswa` VALUES (1571, 'Adi Rahman', 'D412111008', 12, '2021', NULL);
INSERT INTO `mahasiswa` VALUES (1572, 'Arinda Dinda Maharani', 'D412111009', 12, '2021', NULL);
INSERT INTO `mahasiswa` VALUES (1573, 'Dimas Prasetya Miraja', 'D412111010', 12, '2021', NULL);
INSERT INTO `mahasiswa` VALUES (1574, 'Fauzan Rizki Ramadhan', 'D412111011', 12, '2021', NULL);
INSERT INTO `mahasiswa` VALUES (1575, 'Hilman Fajar Saputra', 'D412111012', 12, '2021', NULL);
INSERT INTO `mahasiswa` VALUES (1576, 'I Wayan Indraswari Chaudio Sandi', 'D412111013', 12, '2021', NULL);
INSERT INTO `mahasiswa` VALUES (1577, 'Immanuel Marvin Wicaksono Gultom', 'D412111014', 12, '2021', NULL);
INSERT INTO `mahasiswa` VALUES (1578, 'James William Samuel Sitorus', 'D412111015', 12, '2021', NULL);
INSERT INTO `mahasiswa` VALUES (1579, 'M Farhad Muzaki', 'D412111016', 12, '2021', NULL);
INSERT INTO `mahasiswa` VALUES (1580, 'Moch Lutfi T', 'D412111017', 12, '2021', NULL);
INSERT INTO `mahasiswa` VALUES (1581, 'Mochammad Randika Devansa', 'D412111018', 12, '2021', NULL);
INSERT INTO `mahasiswa` VALUES (1582, 'Muhamad Zidan Fikri', 'D412111019', 12, '2021', NULL);
INSERT INTO `mahasiswa` VALUES (1583, 'Sandy Cahya Putra', 'D412111020', 12, '2021', NULL);
INSERT INTO `mahasiswa` VALUES (1584, 'Ihwan Slamet Cahyadi', 'D512111001', 1, '2021', NULL);
INSERT INTO `mahasiswa` VALUES (1585, 'Fadhlul Rohman', 'D512111002', 1, '2021', NULL);
INSERT INTO `mahasiswa` VALUES (1586, 'Fifen Nilam Sari', 'D512111003', 1, '2021', NULL);
INSERT INTO `mahasiswa` VALUES (1587, 'Hendry Sarungu', 'D512111004', 1, '2021', NULL);
INSERT INTO `mahasiswa` VALUES (1588, 'Isah James Mabel', 'D512111005', 1, '2021', NULL);
INSERT INTO `mahasiswa` VALUES (1589, 'Muhammad Dewa Egi Maulana', 'D512111006', 1, '2021', NULL);
INSERT INTO `mahasiswa` VALUES (1590, 'Revansyah M Azriel', 'D512111007', 1, '2021', NULL);
INSERT INTO `mahasiswa` VALUES (1591, 'Taopik Hidayah', 'D512111008', 1, '2021', NULL);
INSERT INTO `mahasiswa` VALUES (1592, 'Yoga Putra Lesmana', 'D512111009', 1, '2021', NULL);
INSERT INTO `mahasiswa` VALUES (1593, 'Gyas Saputra Haryono', 'D512111010', 1, '2021', NULL);
INSERT INTO `mahasiswa` VALUES (1594, 'Nugraha Sisworaharjo', 'D512111011', 1, '2021', NULL);
INSERT INTO `mahasiswa` VALUES (1595, 'Acep Ahmad', 'D512121019', 1, '2021', NULL);
INSERT INTO `mahasiswa` VALUES (1596, 'Anton Suseno', 'D512121020', 1, '2021', NULL);
INSERT INTO `mahasiswa` VALUES (1597, 'Rachmat', 'D512121021', 1, '2021', NULL);
INSERT INTO `mahasiswa` VALUES (1598, 'Ronald Cahya Nugroho', 'D512121022', 1, '2021', NULL);
INSERT INTO `mahasiswa` VALUES (1599, 'Vio Alviyono', 'D512121023', 1, '2021', NULL);
INSERT INTO `mahasiswa` VALUES (1600, 'Arie Rhamadan Putra', 'D512121024', 1, '2021', NULL);
INSERT INTO `mahasiswa` VALUES (1601, 'Hizrah Muzliawati', 'D512111012', 1, '2021', NULL);
INSERT INTO `mahasiswa` VALUES (1602, 'Hayman', 'D512111013', 1, '2021', NULL);
INSERT INTO `mahasiswa` VALUES (1603, 'Adi Eka Putra', 'E212111013', 8, '2021', NULL);
INSERT INTO `mahasiswa` VALUES (1604, 'Muhamad Ibrahim', 'E312111011', 4, '2021', NULL);
INSERT INTO `mahasiswa` VALUES (1605, 'Rizky Raihan Trighani', 'E312111012', 4, '2021', NULL);
INSERT INTO `mahasiswa` VALUES (1606, 'Faizal Azis Ibrahim', 'E412121028', 9, '2019', NULL);
INSERT INTO `mahasiswa` VALUES (1607, 'Akmal Akbar Algifari', 'D312121025', 6, '2021', NULL);
INSERT INTO `mahasiswa` VALUES (1608, 'Yordavi Gati Syakina', 'D312121026', 6, '2021', NULL);
INSERT INTO `mahasiswa` VALUES (1609, 'Aswad Magu', 'E512111009', 6, '2021', NULL);
INSERT INTO `mahasiswa` VALUES (1610, 'Mahadin', 'E512111010', 6, '2021', NULL);
INSERT INTO `mahasiswa` VALUES (1611, 'Abdusalam Fakoubun', 'D112111042', 3, '2021', NULL);
INSERT INTO `mahasiswa` VALUES (1612, 'Rian Riansyah', 'D112121061', 3, '2021', NULL);
INSERT INTO `mahasiswa` VALUES (1613, 'Riyan', 'D112121062', 3, '2021', NULL);
INSERT INTO `mahasiswa` VALUES (1614, 'Ricky Permana', 'E522111027', 5, '2021', NULL);
INSERT INTO `mahasiswa` VALUES (1615, 'Ryan Agusman', 'E522111028', 5, '2021', NULL);
INSERT INTO `mahasiswa` VALUES (1616, 'Anissa', 'E112111006', 7, '2021', NULL);
INSERT INTO `mahasiswa` VALUES (1617, 'Rizky Dwi Setyawan', 'D312111011', 6, '2021', NULL);
INSERT INTO `mahasiswa` VALUES (1618, 'Nadia Meythalia Setiawan', 'D122111028', 2, '2021', NULL);
INSERT INTO `mahasiswa` VALUES (1619, 'Tri Yoga Lesmana', 'E412121029', 9, '2021', NULL);
INSERT INTO `mahasiswa` VALUES (1620, 'Aini Hadijah', 'E712111037', 2, '2021', NULL);
INSERT INTO `mahasiswa` VALUES (1621, 'Edi Suhaedi', 'D312121027', 6, '2021', NULL);
INSERT INTO `mahasiswa` VALUES (1622, 'Wisnu Rifki Fauzan', 'E522111029', 5, '2021', NULL);
INSERT INTO `mahasiswa` VALUES (1623, 'Dinda Novianty', 'E112111007', 7, '2021', NULL);
INSERT INTO `mahasiswa` VALUES (1624, 'Irfan Mustofa', 'E112111008', 7, '2021', NULL);
INSERT INTO `mahasiswa` VALUES (1625, 'Marliana Oktaria Lifan', 'E112111009', 7, '2021', NULL);
INSERT INTO `mahasiswa` VALUES (1626, 'Nalda Aulia Asnur', 'E112111010', 7, '2021', NULL);
INSERT INTO `mahasiswa` VALUES (1627, 'Nazla Azlya Nurzaini', 'E112111011', 7, '2021', NULL);
INSERT INTO `mahasiswa` VALUES (1628, 'Nurfadila', 'E112111012', 7, '2021', NULL);
INSERT INTO `mahasiswa` VALUES (1629, 'Putri Eka Purnama', 'E112111013', 7, '2021', NULL);
INSERT INTO `mahasiswa` VALUES (1630, 'St. Nurmunkia Zulfiarni Musafir', 'E112111014', 7, '2021', NULL);
INSERT INTO `mahasiswa` VALUES (1631, 'Topan Patollong', 'E112111015', 7, '2021', NULL);
INSERT INTO `mahasiswa` VALUES (1632, 'Difa Maulidina Qadriyatunnisa', 'E112111016', 7, '2021', NULL);
INSERT INTO `mahasiswa` VALUES (1633, 'Ihsan', 'E112111017', 7, '2021', NULL);
INSERT INTO `mahasiswa` VALUES (1634, 'Muhammad Fitrah Balqiah', 'E112111018', 7, '2021', NULL);
INSERT INTO `mahasiswa` VALUES (1635, 'Nida Nurhaliza Putri Nudianti', 'E112111019', 7, '2021', NULL);
INSERT INTO `mahasiswa` VALUES (1636, 'Regina Ananda Allia Putri', 'E112111020', 7, '2021', NULL);
INSERT INTO `mahasiswa` VALUES (1637, 'Siska Aulia Safera', 'E112111021', 7, '2021', NULL);
INSERT INTO `mahasiswa` VALUES (1638, 'Serfian', 'E112111022', 7, '2021', NULL);
INSERT INTO `mahasiswa` VALUES (1639, 'Vera Puteri Prasetyo', 'D112111043', 3, '2021', NULL);
INSERT INTO `mahasiswa` VALUES (1640, 'Novita Qadariah', 'D212111033', 11, '2021', NULL);
INSERT INTO `mahasiswa` VALUES (1641, 'Rahmatia', 'D212111034', 11, '2021', NULL);
INSERT INTO `mahasiswa` VALUES (1642, 'Zaltin', 'D212111035', 11, '2021', NULL);
INSERT INTO `mahasiswa` VALUES (1643, 'Rahmat Gandy', 'D512111014', 1, '2021', NULL);
INSERT INTO `mahasiswa` VALUES (1644, 'LM Akbar Saputra', 'D322111009', 6, '2021', NULL);
INSERT INTO `mahasiswa` VALUES (1645, 'Muhammad Rabil Ubaidillah Al-Bathny', 'D322111010', 6, '2021', NULL);
INSERT INTO `mahasiswa` VALUES (1646, 'Algin Deo Ginoki', 'E312111014', 4, '2021', NULL);
INSERT INTO `mahasiswa` VALUES (1647, 'Anang Rivaldy Ari', 'E312111015', 4, '2021', NULL);
INSERT INTO `mahasiswa` VALUES (1648, 'Anang Trimawan', 'E312111016', 4, '2021', NULL);
INSERT INTO `mahasiswa` VALUES (1649, 'Arianti', 'E312111017', 4, '2021', NULL);
INSERT INTO `mahasiswa` VALUES (1650, 'Arlina Unang', 'E312111018', 4, '2021', NULL);
INSERT INTO `mahasiswa` VALUES (1651, 'Dede Andryansah', 'E312111019', 4, '2021', NULL);
INSERT INTO `mahasiswa` VALUES (1652, 'Fitri', 'E312111020', 4, '2021', NULL);
INSERT INTO `mahasiswa` VALUES (1653, 'Kurniati', 'E312111021', 4, '2021', NULL);
INSERT INTO `mahasiswa` VALUES (1654, 'Muh. Illyas', 'E312111022', 4, '2021', NULL);
INSERT INTO `mahasiswa` VALUES (1655, 'Andre Armico', 'E312111023', 4, '2021', NULL);
INSERT INTO `mahasiswa` VALUES (1656, 'Anggi Agustina', 'E312111024', 4, '2021', NULL);
INSERT INTO `mahasiswa` VALUES (1657, 'Budiman Budiarja', 'E312111025', 4, '2021', NULL);
INSERT INTO `mahasiswa` VALUES (1658, 'Dendra Rizky Maulana Sahid', 'E312111026', 4, '2021', NULL);
INSERT INTO `mahasiswa` VALUES (1659, 'Fariz Zulkarnaen', 'E312111027', 4, '2021', NULL);
INSERT INTO `mahasiswa` VALUES (1660, 'Lina Yuliyanti', 'E312111028', 4, '2021', NULL);
INSERT INTO `mahasiswa` VALUES (1661, 'Luthfi Hidayah', 'E312111029', 4, '2021', NULL);
INSERT INTO `mahasiswa` VALUES (1662, 'M. Khoirudin', 'E312111030', 4, '2021', NULL);
INSERT INTO `mahasiswa` VALUES (1663, 'Mawar Nurfadillah', 'E312111031', 4, '2021', NULL);
INSERT INTO `mahasiswa` VALUES (1664, 'Muhamad Fitroh Farhani', 'E312111032', 4, '2021', NULL);
INSERT INTO `mahasiswa` VALUES (1665, 'Muhammad Andry Juniawan', 'E312111033', 4, '2021', NULL);
INSERT INTO `mahasiswa` VALUES (1666, 'Nova Arianti Aris', 'E312111034', 4, '2021', NULL);
INSERT INTO `mahasiswa` VALUES (1667, 'Novendi Lejau', 'E312111035', 4, '2021', NULL);
INSERT INTO `mahasiswa` VALUES (1668, 'Wahyudi', 'E312111036', 4, '2021', NULL);
INSERT INTO `mahasiswa` VALUES (1669, 'Yehezkiel', 'E312111037', 4, '2021', NULL);
INSERT INTO `mahasiswa` VALUES (1670, 'Yoga Purnama Assidiq', 'E312111038', 4, '2021', NULL);
INSERT INTO `mahasiswa` VALUES (1671, 'Yuliana Ritna Bara', 'E312111039', 4, '2021', NULL);
INSERT INTO `mahasiswa` VALUES (1672, 'Akhmad Fitri Harissandi', 'E212111014', 8, '2021', NULL);
INSERT INTO `mahasiswa` VALUES (1673, 'Andhika Erlangga Muhammad Firmansyach', 'E212111015', 8, '2021', NULL);
INSERT INTO `mahasiswa` VALUES (1674, 'Daniel Mahendra Longdong', 'E212111016', 8, '2021', NULL);
INSERT INTO `mahasiswa` VALUES (1675, 'David Ifanly', 'E212111017', 8, '2021', NULL);
INSERT INTO `mahasiswa` VALUES (1676, 'DIMAS MUJIANTO', 'E212111018', 8, '2021', NULL);
INSERT INTO `mahasiswa` VALUES (1677, 'Elicukia', 'E212111019', 8, '2021', NULL);
INSERT INTO `mahasiswa` VALUES (1678, 'M. Sayful A.', 'E212111020', 8, '2021', NULL);
INSERT INTO `mahasiswa` VALUES (1679, 'Syaifudin Fery Maulana', 'E212111021', 8, '2021', NULL);
INSERT INTO `mahasiswa` VALUES (1680, 'Azwa Malik Haby', 'E212111022', 8, '2021', NULL);
INSERT INTO `mahasiswa` VALUES (1681, 'Hudri Ramadan', 'E212111023', 8, '2021', NULL);
INSERT INTO `mahasiswa` VALUES (1682, 'Ikbal Nur Salman', 'E212111024', 8, '2021', NULL);
INSERT INTO `mahasiswa` VALUES (1683, 'Muhammad Angga Saputra', 'E212111025', 8, '2021', NULL);
INSERT INTO `mahasiswa` VALUES (1684, 'Rabbani Rafsanjani Sofyan', 'E212111026', 8, '2021', NULL);
INSERT INTO `mahasiswa` VALUES (1685, 'Riki Ardiansyah', 'E212111027', 8, '2021', NULL);
INSERT INTO `mahasiswa` VALUES (1686, 'Ropah Septian Ardiansyah', 'E212111028', 8, '2021', NULL);
INSERT INTO `mahasiswa` VALUES (1687, 'Salman Sofyandi', 'E212111029', 8, '2021', NULL);
INSERT INTO `mahasiswa` VALUES (1688, 'Aditia Cahya Wiguna', 'E412121030', 9, '2021', NULL);
INSERT INTO `mahasiswa` VALUES (1689, 'Nuzul Karimah Fitrah', 'E312111040', 4, '2021', NULL);
INSERT INTO `mahasiswa` VALUES (1690, 'Nalda Aulia Asnur', 'E312111041', 4, '2021', NULL);
INSERT INTO `mahasiswa` VALUES (1691, 'Harfi Maharaj', 'E512111011', 6, '2021', NULL);
INSERT INTO `mahasiswa` VALUES (1692, 'Ahmad Rafi\' Kurniawan', 'E112111023', 7, '2021', NULL);
INSERT INTO `mahasiswa` VALUES (1693, 'Ammysach Sanny Melarry', 'E112111024', 7, '2021', NULL);
INSERT INTO `mahasiswa` VALUES (1694, 'Ananda Hariya Nugraha', 'E712131038', 2, '2019', NULL);
INSERT INTO `mahasiswa` VALUES (1695, 'Agung Pambudi', 'E611811001', 10, '2018', NULL);
INSERT INTO `mahasiswa` VALUES (1696, 'Deparida Nurusani', 'E611811002', 10, '2018', NULL);
INSERT INTO `mahasiswa` VALUES (1697, 'Gia Nurhalliza', 'E611811003', 10, '2018', NULL);
INSERT INTO `mahasiswa` VALUES (1698, 'Gisna Nurhalisa', 'E611811004', 10, '2018', NULL);
INSERT INTO `mahasiswa` VALUES (1699, 'Herdiansyah', 'E611811005', 10, '2018', NULL);
INSERT INTO `mahasiswa` VALUES (1700, 'Meidy Yuwanti Habary', 'E611811006', 10, '2018', NULL);
INSERT INTO `mahasiswa` VALUES (1701, 'Noer Halimah', 'E611811007', 10, '2018', NULL);
INSERT INTO `mahasiswa` VALUES (1702, 'Nurul Putri Rahmawati', 'E611811008', 10, '2018', NULL);
INSERT INTO `mahasiswa` VALUES (1703, 'Selvy Pitriyani', 'E611811009', 10, '2018', NULL);
INSERT INTO `mahasiswa` VALUES (1704, 'Silmiyanti Ramlan', 'E611811010', 10, '2018', NULL);
INSERT INTO `mahasiswa` VALUES (1705, 'Yogi Sopian', 'E611811011', 10, '2018', NULL);
INSERT INTO `mahasiswa` VALUES (1706, 'Yudiana', 'E611811012', 10, '2018', NULL);
INSERT INTO `mahasiswa` VALUES (1707, 'Ahmad Mulyana', 'E611821013', 10, '2018', NULL);
INSERT INTO `mahasiswa` VALUES (1708, 'Asep Jamaludin', 'E611821014', 10, '2018', NULL);
INSERT INTO `mahasiswa` VALUES (1709, 'Isma Herawati', 'E611821015', 10, '2018', NULL);
INSERT INTO `mahasiswa` VALUES (1710, 'Nuzurianto Romadhon', 'E611821016', 10, '2018', NULL);
INSERT INTO `mahasiswa` VALUES (1711, 'Anza Anzanu', 'D111811001', 3, '2018', NULL);
INSERT INTO `mahasiswa` VALUES (1712, 'Dina Shinta Lestari', 'D111811005', 3, '2018', NULL);
INSERT INTO `mahasiswa` VALUES (1713, 'Ega Lesmana', 'D111811006', 3, '2018', NULL);
INSERT INTO `mahasiswa` VALUES (1714, 'Fahri Hidayah Purba', 'D111811007', 3, '2018', NULL);
INSERT INTO `mahasiswa` VALUES (1715, 'Maharani Purnamasari', 'D111811015', 3, '2018', NULL);
INSERT INTO `mahasiswa` VALUES (1716, 'Mochamad Bustomi', 'D111811016', 3, '2018', NULL);
INSERT INTO `mahasiswa` VALUES (1717, 'Restu Sugesti Putri', 'D111811017', 3, '2018', NULL);
INSERT INTO `mahasiswa` VALUES (1718, 'Hendry Putra Kurniawan', 'D111811021', 3, '2018', NULL);
INSERT INTO `mahasiswa` VALUES (1719, 'Siti Patimah', 'D111811022', 3, '2018', NULL);
INSERT INTO `mahasiswa` VALUES (1720, 'Heri Hermawan', 'D111811031', 3, '2018', NULL);
INSERT INTO `mahasiswa` VALUES (1721, 'Naufan Zhafir', 'D111811044', 3, '2018', NULL);
INSERT INTO `mahasiswa` VALUES (1722, 'Dicky Ramdani', 'D111811047', 3, '2018', NULL);
INSERT INTO `mahasiswa` VALUES (1723, 'Judith Rifdanul Sayid', 'D111811052', 3, '2018', NULL);
INSERT INTO `mahasiswa` VALUES (1724, 'Sava Reyhano', 'D111811059', 3, '2018', NULL);
INSERT INTO `mahasiswa` VALUES (1725, 'Sopian', 'D111811060', 3, '2018', NULL);
INSERT INTO `mahasiswa` VALUES (1726, 'Abdul Rizki Anugrah', 'D111811063', 3, '2018', NULL);
INSERT INTO `mahasiswa` VALUES (1727, 'Deden Diana', 'D111811068', 3, '2018', NULL);
INSERT INTO `mahasiswa` VALUES (1728, 'Dimas Widyansyah', 'D111811069', 3, '2018', NULL);
INSERT INTO `mahasiswa` VALUES (1729, 'Ikhsan Tri Yulinarta', 'D111811073', 3, '2018', NULL);
INSERT INTO `mahasiswa` VALUES (1730, 'Muhammad Fiqri Indra Sentana', 'D111811079', 3, '2018', NULL);
INSERT INTO `mahasiswa` VALUES (1731, 'Shakti Hartono Putra', 'D111811082', 3, '2018', NULL);
INSERT INTO `mahasiswa` VALUES (1732, 'Tarisya Roshidha', 'D111811083', 3, '2018', NULL);
INSERT INTO `mahasiswa` VALUES (1733, 'Dio Abdallah', 'D111811111', 3, '2018', NULL);
INSERT INTO `mahasiswa` VALUES (1734, 'Barkah Try Subagya', 'D111811117', 3, '2018', NULL);
INSERT INTO `mahasiswa` VALUES (1735, 'Doni Andrianto', 'D111811120', 3, '2018', NULL);
INSERT INTO `mahasiswa` VALUES (1736, 'Putri Hanifah Maharanisa', 'D111811123', 3, '2018', NULL);
INSERT INTO `mahasiswa` VALUES (1737, 'Ahyar Setiawan', 'D111811125', 3, '2018', NULL);
INSERT INTO `mahasiswa` VALUES (1738, 'Ilham Abdul Aziz', 'D111811130', 3, '2018', NULL);
INSERT INTO `mahasiswa` VALUES (1739, 'Ayu Agustin', 'D111811002', 3, '2018', NULL);
INSERT INTO `mahasiswa` VALUES (1740, 'Bagas Seno Aji', 'D111811003', 3, '2018', NULL);
INSERT INTO `mahasiswa` VALUES (1741, 'Hudzaifah', 'D111811011', 3, '2018', NULL);
INSERT INTO `mahasiswa` VALUES (1742, 'Riski Risman', 'D111811018', 3, '2018', NULL);
INSERT INTO `mahasiswa` VALUES (1743, 'Salsabila Rizqia', 'D111811019', 3, '2018', NULL);
INSERT INTO `mahasiswa` VALUES (1744, 'Vinie Sahara', 'D111811023', 3, '2018', NULL);
INSERT INTO `mahasiswa` VALUES (1745, 'Imadudin', 'D111811051', 3, '2018', NULL);
INSERT INTO `mahasiswa` VALUES (1746, 'Kartika', 'D111811053', 3, '2018', NULL);
INSERT INTO `mahasiswa` VALUES (1747, 'Muhamad Yunus', 'D111811056', 3, '2018', NULL);
INSERT INTO `mahasiswa` VALUES (1748, 'Muhammad Fikri Ash Shiddiqy', 'D111811057', 3, '2018', NULL);
INSERT INTO `mahasiswa` VALUES (1749, 'Rivan Septiardi Firdaus', 'D111811058', 3, '2018', NULL);
INSERT INTO `mahasiswa` VALUES (1750, 'Alif Zakya Rafiq', 'D111811065', 3, '2018', NULL);
INSERT INTO `mahasiswa` VALUES (1751, 'Aries Sandi Nugraha', 'D111811066', 3, '2018', NULL);
INSERT INTO `mahasiswa` VALUES (1752, 'Gilang Prasetya', 'D111811072', 3, '2018', NULL);
INSERT INTO `mahasiswa` VALUES (1753, 'Mochammad Refki Febriani', 'D111811075', 3, '2018', NULL);
INSERT INTO `mahasiswa` VALUES (1754, 'Muhamad Abdul Azis', 'D111811076', 3, '2018', NULL);
INSERT INTO `mahasiswa` VALUES (1755, 'Rizky Alif Al Fadhlila', 'D111811080', 3, '2018', NULL);
INSERT INTO `mahasiswa` VALUES (1756, 'Muhammad Nur Hardimas', 'D111811110', 3, '2018', NULL);
INSERT INTO `mahasiswa` VALUES (1757, 'Gustia Abdul Rohman', 'D111811112', 3, '2018', NULL);
INSERT INTO `mahasiswa` VALUES (1758, 'Aldi Naufal Alfarisi', 'D111811115', 3, '2018', NULL);
INSERT INTO `mahasiswa` VALUES (1759, 'Daffa Nur Syamsa', 'D111811118', 3, '2018', NULL);
INSERT INTO `mahasiswa` VALUES (1760, 'Desy Anindita', 'D111811119', 3, '2018', NULL);
INSERT INTO `mahasiswa` VALUES (1761, 'Muhammad Saied', 'D111811124', 3, '2018', NULL);
INSERT INTO `mahasiswa` VALUES (1762, 'Indah Elviyana', 'D111811131', 3, '2018', NULL);
INSERT INTO `mahasiswa` VALUES (1763, 'Moh.Abi Hanifah', 'D111811132', 3, '2018', NULL);
INSERT INTO `mahasiswa` VALUES (1764, 'Redho Prasetyo', 'D111811135', 3, '2018', NULL);
INSERT INTO `mahasiswa` VALUES (1765, 'Lukmanul Hakim', 'D111811137', 3, '2018', NULL);
INSERT INTO `mahasiswa` VALUES (1766, 'Zainul Amri Harahap', 'D111811144', 3, '2018', NULL);
INSERT INTO `mahasiswa` VALUES (1767, 'Deki Sukarnain', 'D111811004', 3, '2018', NULL);
INSERT INTO `mahasiswa` VALUES (1768, 'Arief Mursyid Al-Rijal', 'D111811010', 3, '2018', NULL);
INSERT INTO `mahasiswa` VALUES (1769, 'Ihsan Sayid Muharrom', 'D111811012', 3, '2018', NULL);
INSERT INTO `mahasiswa` VALUES (1770, 'Ismail Harits Al Fihri', 'D111811014', 3, '2018', NULL);
INSERT INTO `mahasiswa` VALUES (1771, 'Sapta Gunawan', 'D111811020', 3, '2018', NULL);
INSERT INTO `mahasiswa` VALUES (1772, 'Annisa Nur Ramadhani', 'D111811027', 3, '2018', NULL);
INSERT INTO `mahasiswa` VALUES (1773, 'Ilham Maulana', 'D111811046', 3, '2018', NULL);
INSERT INTO `mahasiswa` VALUES (1774, 'Firman Yulian Putra', 'D111811048', 3, '2018', NULL);
INSERT INTO `mahasiswa` VALUES (1775, 'Gantira Suriadinata', 'D111811049', 3, '2018', NULL);
INSERT INTO `mahasiswa` VALUES (1776, 'Guna Agissagrata', 'D111811050', 3, '2018', NULL);
INSERT INTO `mahasiswa` VALUES (1777, 'Mohammad Rizki Fajar', 'D111811054', 3, '2018', NULL);
INSERT INTO `mahasiswa` VALUES (1778, 'Taufik Nur Hidayat', 'D111811061', 3, '2018', NULL);
INSERT INTO `mahasiswa` VALUES (1779, 'Yoga Apriansyah', 'D111811062', 3, '2018', NULL);
INSERT INTO `mahasiswa` VALUES (1780, 'Aisyah Harum', 'D111811064', 3, '2018', NULL);
INSERT INTO `mahasiswa` VALUES (1781, 'Cecep Nurhidayat', 'D111811067', 3, '2018', NULL);
INSERT INTO `mahasiswa` VALUES (1782, 'Faizal Rifki Azis', 'D111811070', 3, '2018', NULL);
INSERT INTO `mahasiswa` VALUES (1783, 'Irdant Arya Pradhana', 'D111811074', 3, '2018', NULL);
INSERT INTO `mahasiswa` VALUES (1784, 'Muhamad Rizal Fathur Rochman', 'D111811077', 3, '2018', NULL);
INSERT INTO `mahasiswa` VALUES (1785, 'Saepul Rohman', 'D111811081', 3, '2018', NULL);
INSERT INTO `mahasiswa` VALUES (1786, 'Yahyu Hazarun Karimah', 'D111811084', 3, '2018', NULL);
INSERT INTO `mahasiswa` VALUES (1787, 'Ahmad Pathul Aripin', 'D111811114', 3, '2018', NULL);
INSERT INTO `mahasiswa` VALUES (1788, 'Andra Adi Nugraha', 'D111811116', 3, '2018', NULL);
INSERT INTO `mahasiswa` VALUES (1789, 'Muhamad Arrizki Anggara', 'D111811122', 3, '2018', NULL);
INSERT INTO `mahasiswa` VALUES (1790, 'Cecep Abdul Rohim', 'D111811126', 3, '2018', NULL);
INSERT INTO `mahasiswa` VALUES (1791, 'Sandi Suryono', 'D111811134', 3, '2018', NULL);
INSERT INTO `mahasiswa` VALUES (1792, 'Shaumi Noer Lestari', 'D111811136', 3, '2018', NULL);
INSERT INTO `mahasiswa` VALUES (1793, 'Yoga Radika Mahendra', 'D111811138', 3, '2018', NULL);
INSERT INTO `mahasiswa` VALUES (1794, 'Zenal Aripin', 'D111811145', 3, '2018', NULL);
INSERT INTO `mahasiswa` VALUES (1795, 'Aliya Nur Hanifah', 'D111811008', 3, '2018', NULL);
INSERT INTO `mahasiswa` VALUES (1796, 'Desi Wijaya', 'D111811013', 3, '2018', NULL);
INSERT INTO `mahasiswa` VALUES (1797, 'Siti Sonia', 'D111811024', 3, '2018', NULL);
INSERT INTO `mahasiswa` VALUES (1798, 'Adhitia Rachman', 'D111811025', 3, '2018', NULL);
INSERT INTO `mahasiswa` VALUES (1799, 'Karlindya Nurul Hasya', 'D111811026', 3, '2018', NULL);
INSERT INTO `mahasiswa` VALUES (1800, 'Rizal Jeva Ardana', 'D111811028', 3, '2018', NULL);
INSERT INTO `mahasiswa` VALUES (1801, 'Juhaeri Muhamad Ramdani', 'D111811029', 3, '2018', NULL);
INSERT INTO `mahasiswa` VALUES (1802, 'Hilman Ihsanuddin', 'D111811032', 3, '2018', NULL);
INSERT INTO `mahasiswa` VALUES (1803, 'Renata Putri Yuniarti', 'D111811033', 3, '2018', NULL);
INSERT INTO `mahasiswa` VALUES (1804, 'Kristiana Pajar', 'D111811034', 3, '2018', NULL);
INSERT INTO `mahasiswa` VALUES (1805, 'Septi Wahyuni', 'D111811035', 3, '2018', NULL);
INSERT INTO `mahasiswa` VALUES (1806, 'Muhammad Fikri Wendiana', 'D111811036', 3, '2018', NULL);
INSERT INTO `mahasiswa` VALUES (1807, 'Ari Muhamad Sobari', 'D111811037', 3, '2018', NULL);
INSERT INTO `mahasiswa` VALUES (1808, 'Novia Nur Afifah', 'D111811038', 3, '2018', NULL);
INSERT INTO `mahasiswa` VALUES (1809, 'Demisa Iqlima', 'D111811039', 3, '2018', NULL);
INSERT INTO `mahasiswa` VALUES (1810, 'Ilma Wulansari', 'D111811045', 3, '2018', NULL);
INSERT INTO `mahasiswa` VALUES (1811, 'Ladya Pratiwi', 'D111811071', 3, '2018', NULL);
INSERT INTO `mahasiswa` VALUES (1812, 'Sri Mulyani', 'D111811140', 3, '2018', NULL);
INSERT INTO `mahasiswa` VALUES (1813, 'Elin Nia Kurniati', 'D111811141', 3, '2018', NULL);
INSERT INTO `mahasiswa` VALUES (1814, 'Yusni Saripudin', 'D111811142', 3, '2018', NULL);
INSERT INTO `mahasiswa` VALUES (1815, 'Willy Pascal Alifiansyah', 'D111811143', 3, '2018', NULL);
INSERT INTO `mahasiswa` VALUES (1816, 'Al Azmi Purwanto', 'D111821120', 3, '2018', NULL);
INSERT INTO `mahasiswa` VALUES (1817, 'Amirul Fadillah', 'D111821085', 3, '2018', NULL);
INSERT INTO `mahasiswa` VALUES (1818, 'Asep Mahmud', 'D111821087', 3, '2018', NULL);
INSERT INTO `mahasiswa` VALUES (1819, 'Cahya Ramdani', 'D111821088', 3, '2018', NULL);
INSERT INTO `mahasiswa` VALUES (1820, 'Dani Setiawan', 'D111821089', 3, '2018', NULL);
INSERT INTO `mahasiswa` VALUES (1821, 'Dika Prasetya Darmawan', 'D111821090', 3, '2018', NULL);
INSERT INTO `mahasiswa` VALUES (1822, 'Faisal Alif Ramadhan', 'D111821091', 3, '2018', NULL);
INSERT INTO `mahasiswa` VALUES (1823, 'Faishal Ramadhany Sukandar', 'D111821092', 3, '2018', NULL);
INSERT INTO `mahasiswa` VALUES (1824, 'Hisyam Arieff Hs', 'D111821093', 3, '2018', NULL);
INSERT INTO `mahasiswa` VALUES (1825, 'Intan Yulianita', 'D111821094', 3, '2018', NULL);
INSERT INTO `mahasiswa` VALUES (1826, 'Maura Yuliana Putri', 'D111821095', 3, '2018', NULL);
INSERT INTO `mahasiswa` VALUES (1827, 'Mohamad Radisha Dwinanda Putra', 'D111821096', 3, '2018', NULL);
INSERT INTO `mahasiswa` VALUES (1828, 'Muhamad Mubarok', 'D111821097', 3, '2018', NULL);
INSERT INTO `mahasiswa` VALUES (1829, 'Muhammad Firmansyah Apendi', 'D111821098', 3, '2018', NULL);
INSERT INTO `mahasiswa` VALUES (1830, 'Diman Rahmat', 'D111821100', 3, '2018', NULL);
INSERT INTO `mahasiswa` VALUES (1831, 'Shaffira Kusuma Wardhani', 'D111821101', 3, '2018', NULL);
INSERT INTO `mahasiswa` VALUES (1832, 'Syeh Biaggie', 'D111821102', 3, '2018', NULL);
INSERT INTO `mahasiswa` VALUES (1833, 'Teddy Hidayat', 'D111821103', 3, '2018', NULL);
INSERT INTO `mahasiswa` VALUES (1834, 'Via Despiyanti', 'D111821105', 3, '2018', NULL);
INSERT INTO `mahasiswa` VALUES (1835, 'Wiwin Windarti', 'D111821106', 3, '2018', NULL);
INSERT INTO `mahasiswa` VALUES (1836, 'Yoga Permana', 'D111821109', 3, '2018', NULL);
INSERT INTO `mahasiswa` VALUES (1837, 'Maulana Ibrahim', 'D111821113', 3, '2018', NULL);
INSERT INTO `mahasiswa` VALUES (1838, 'Adam Rosandi', 'E711811001', 2, '2018', NULL);
INSERT INTO `mahasiswa` VALUES (1839, 'Alaminsyah', 'E711811002', 2, '2018', NULL);
INSERT INTO `mahasiswa` VALUES (1840, 'Annisya Nadia Ruana', 'E711811003', 2, '2018', NULL);
INSERT INTO `mahasiswa` VALUES (1841, 'Destia Sopia Marwah', 'E711811005', 2, '2018', NULL);
INSERT INTO `mahasiswa` VALUES (1842, 'Dian Febryanti', 'E711811006', 2, '2018', NULL);
INSERT INTO `mahasiswa` VALUES (1843, 'Dina Nuryuliana Sukawati', 'E711811007', 2, '2018', NULL);
INSERT INTO `mahasiswa` VALUES (1844, 'Dinda Ayu Sriwahyuni', 'E711811008', 2, '2018', NULL);
INSERT INTO `mahasiswa` VALUES (1845, 'Elisa Karla', 'E711811009', 2, '2018', NULL);
INSERT INTO `mahasiswa` VALUES (1846, 'Fitria Ramadhani Karim', 'E711811010', 2, '2018', NULL);
INSERT INTO `mahasiswa` VALUES (1847, 'Indah Mulia Farisa', 'E711811011', 2, '2018', NULL);
INSERT INTO `mahasiswa` VALUES (1848, 'Isvilani Hardie Fasyani Malhaq', 'E711811012', 2, '2018', NULL);
INSERT INTO `mahasiswa` VALUES (1849, 'M Alif Zayyan', 'E711811014', 2, '2018', NULL);
INSERT INTO `mahasiswa` VALUES (1850, 'Maharani Risma Octavianti', 'E711811015', 2, '2018', NULL);
INSERT INTO `mahasiswa` VALUES (1851, 'Melda Arianti', 'E711811016', 2, '2018', NULL);
INSERT INTO `mahasiswa` VALUES (1852, 'Muhammad Nuril Huda', 'E711811017', 2, '2018', NULL);
INSERT INTO `mahasiswa` VALUES (1853, 'Nadila Resya Astiani', 'E711811018', 2, '2018', NULL);
INSERT INTO `mahasiswa` VALUES (1854, 'Ninik Widianingsih', 'E711811019', 2, '2018', NULL);
INSERT INTO `mahasiswa` VALUES (1855, 'Rahmayani', 'E711811020', 2, '2018', NULL);
INSERT INTO `mahasiswa` VALUES (1856, 'Riana Haryani', 'E711811021', 2, '2018', NULL);
INSERT INTO `mahasiswa` VALUES (1857, 'Rizal Rizwana', 'E711811022', 2, '2018', NULL);
INSERT INTO `mahasiswa` VALUES (1858, 'Sairawanti Perhatiana', 'E711811023', 2, '2018', NULL);
INSERT INTO `mahasiswa` VALUES (1859, 'Setya Apriyanti', 'E711811024', 2, '2018', NULL);
INSERT INTO `mahasiswa` VALUES (1860, 'Sofie Dherara', 'E711811026', 2, '2018', NULL);
INSERT INTO `mahasiswa` VALUES (1861, 'Syifa Ali Abdul Aziz', 'E711811027', 2, '2018', NULL);
INSERT INTO `mahasiswa` VALUES (1862, 'Tedi Sepriadi', 'E711811028', 2, '2018', NULL);
INSERT INTO `mahasiswa` VALUES (1863, 'Vira Septia Nurjanah', 'E711811029', 2, '2018', NULL);
INSERT INTO `mahasiswa` VALUES (1864, 'Witriah Destriani', 'E711811030', 2, '2018', NULL);
INSERT INTO `mahasiswa` VALUES (1865, 'Wiwin Tri Antika', 'E711811031', 2, '2018', NULL);
INSERT INTO `mahasiswa` VALUES (1866, 'Yeriska', 'E711811032', 2, '2018', NULL);
INSERT INTO `mahasiswa` VALUES (1867, 'Ajeng Try Aulia', 'E711811033', 2, '2018', NULL);
INSERT INTO `mahasiswa` VALUES (1868, 'Andreo Gaferoh', 'E711811034', 2, '2018', NULL);
INSERT INTO `mahasiswa` VALUES (1869, 'Apriani Arsad', 'E711811035', 2, '2018', NULL);
INSERT INTO `mahasiswa` VALUES (1870, 'Dea Wulandari', 'E711811036', 2, '2018', NULL);
INSERT INTO `mahasiswa` VALUES (1871, 'Dewi Astuti', 'E711811037', 2, '2018', NULL);
INSERT INTO `mahasiswa` VALUES (1872, 'Dwi Novita Sari', 'E711811038', 2, '2018', NULL);
INSERT INTO `mahasiswa` VALUES (1873, 'Fauzan Muhammad Firdaus', 'E711811039', 2, '2018', NULL);
INSERT INTO `mahasiswa` VALUES (1874, 'Hasna Khoerunnisa', 'E711811040', 2, '2018', NULL);
INSERT INTO `mahasiswa` VALUES (1875, 'Irgi Sanda Padisa', 'E711811041', 2, '2018', NULL);
INSERT INTO `mahasiswa` VALUES (1876, 'Izka Nur Salsabila', 'E711811042', 2, '2018', NULL);
INSERT INTO `mahasiswa` VALUES (1877, 'Justina Rahayu', 'E711811043', 2, '2018', NULL);
INSERT INTO `mahasiswa` VALUES (1878, 'Kariyudin Saudi', 'E711811044', 2, '2018', NULL);
INSERT INTO `mahasiswa` VALUES (1879, 'Kgs M Fauzan Fajari', 'E711811045', 2, '2018', NULL);
INSERT INTO `mahasiswa` VALUES (1880, 'M Arif Abdillah', 'E711811046', 2, '2018', NULL);
INSERT INTO `mahasiswa` VALUES (1881, 'Mega Juli Utami', 'E711811047', 2, '2018', NULL);
INSERT INTO `mahasiswa` VALUES (1882, 'Meliaranti', 'E711811048', 2, '2018', NULL);
INSERT INTO `mahasiswa` VALUES (1883, 'Nabila Tyana Rahman', 'E711811049', 2, '2018', NULL);
INSERT INTO `mahasiswa` VALUES (1884, 'Nadila Pratiwi', 'E711811050', 2, '2018', NULL);
INSERT INTO `mahasiswa` VALUES (1885, 'Novi Irawati', 'E711811051', 2, '2018', NULL);
INSERT INTO `mahasiswa` VALUES (1886, 'Nur Fatri Amalia', 'E711811052', 2, '2018', NULL);
INSERT INTO `mahasiswa` VALUES (1887, 'Nur Linda', 'E711811053', 2, '2018', NULL);
INSERT INTO `mahasiswa` VALUES (1888, 'Ramananda Jadid Syahdan', 'E711811054', 2, '2018', NULL);
INSERT INTO `mahasiswa` VALUES (1889, 'Rismawati', 'E711811055', 2, '2018', NULL);
INSERT INTO `mahasiswa` VALUES (1890, 'Ruliyan Hardiani', 'E711811056', 2, '2018', NULL);
INSERT INTO `mahasiswa` VALUES (1891, 'Shella Rahmawati', 'E711811058', 2, '2018', NULL);
INSERT INTO `mahasiswa` VALUES (1892, 'Siti Nurmin Idayanti', 'E711811059', 2, '2018', NULL);
INSERT INTO `mahasiswa` VALUES (1893, 'Sy Nur Qamaria Albaar', 'E711811060', 2, '2018', NULL);
INSERT INTO `mahasiswa` VALUES (1894, 'Tasya Dwi Kurnia', 'E711811061', 2, '2018', NULL);
INSERT INTO `mahasiswa` VALUES (1895, 'Vica Vijayanti', 'E711811062', 2, '2018', NULL);
INSERT INTO `mahasiswa` VALUES (1896, 'Winda Hadianti Khairiyyah', 'E711811063', 2, '2018', NULL);
INSERT INTO `mahasiswa` VALUES (1897, 'Manda Tiyan Ahnaf', 'E711811064', 2, '2018', NULL);
INSERT INTO `mahasiswa` VALUES (1898, 'Irvan H.HI. Jafar', 'E711811065', 2, '2018', NULL);
INSERT INTO `mahasiswa` VALUES (1899, 'Fuji Mahardika', 'E711821066', 2, '2018', NULL);
INSERT INTO `mahasiswa` VALUES (1900, 'Nadya Dewi Pertiwi', 'E711821067', 2, '2018', NULL);
INSERT INTO `mahasiswa` VALUES (1901, 'Rika Risti Fauziah', 'E711821068', 2, '2018', NULL);
INSERT INTO `mahasiswa` VALUES (1902, 'Sahrul Rijal', 'E711821069', 2, '2018', NULL);
INSERT INTO `mahasiswa` VALUES (1903, 'Septy Bunga Rindu', 'E711821070', 2, '2018', NULL);
INSERT INTO `mahasiswa` VALUES (1904, 'Wawang Novalita', 'E711821072', 2, '2018', NULL);
INSERT INTO `mahasiswa` VALUES (1905, 'Siti Nurfalah', 'E711821025', 2, '2018', NULL);
INSERT INTO `mahasiswa` VALUES (1906, 'Muhammad Naufal Putra', 'E711821073', 2, '2018', NULL);
INSERT INTO `mahasiswa` VALUES (1907, 'Julya Sari Sopandi', 'E711811013', 2, '2018', NULL);
INSERT INTO `mahasiswa` VALUES (1908, 'Ardiansyah Saputra', 'E711821004', 2, '2018', NULL);
INSERT INTO `mahasiswa` VALUES (1909, 'Leoni Yeliana', 'E711821074', 2, '2018', NULL);
INSERT INTO `mahasiswa` VALUES (1910, 'Dias Refi Andini', 'E111811002', 7, '2018', NULL);
INSERT INTO `mahasiswa` VALUES (1911, 'Fitri Khomairoh Damayanti', 'E111811003', 7, '2018', NULL);
INSERT INTO `mahasiswa` VALUES (1912, 'Ladeara Shaqira Azzahra', 'E111811004', 7, '2018', NULL);
INSERT INTO `mahasiswa` VALUES (1913, 'Liani Hoirunisa', 'E111811005', 7, '2018', NULL);
INSERT INTO `mahasiswa` VALUES (1914, 'Mega Melinda', 'E111811006', 7, '2018', NULL);
INSERT INTO `mahasiswa` VALUES (1915, 'Rinda Rahmawati', 'E111811007', 7, '2018', NULL);
INSERT INTO `mahasiswa` VALUES (1916, 'Riri Rahayu', 'E111811008', 7, '2018', NULL);
INSERT INTO `mahasiswa` VALUES (1917, 'Syafira Ayunda Pramesthi', 'E111811010', 7, '2018', NULL);
INSERT INTO `mahasiswa` VALUES (1918, 'Tri Susilawati Febriyani', 'E111811011', 7, '2018', NULL);
INSERT INTO `mahasiswa` VALUES (1919, 'Vania Afifah Damayanti', 'E111811012', 7, '2018', NULL);
INSERT INTO `mahasiswa` VALUES (1920, 'Widi Junizar Herlambang', 'E111811013', 7, '2018', NULL);
INSERT INTO `mahasiswa` VALUES (1921, 'Imas Mulyani', 'E111811030', 7, '2018', NULL);
INSERT INTO `mahasiswa` VALUES (1922, 'Angga Agung Priatna', 'E111821014', 7, '2018', NULL);
INSERT INTO `mahasiswa` VALUES (1923, 'Aprilyani Nurhasanah', 'E111821015', 7, '2018', NULL);
INSERT INTO `mahasiswa` VALUES (1924, 'Cecep Sodik Saputra', 'E111821016', 7, '2018', NULL);
INSERT INTO `mahasiswa` VALUES (1925, 'Dian Nuraeni', 'E111821017', 7, '2018', NULL);
INSERT INTO `mahasiswa` VALUES (1926, 'Fakhrul Ramadhan T', 'E111821018', 7, '2018', NULL);
INSERT INTO `mahasiswa` VALUES (1927, 'Farindra Novansa', 'E111821019', 7, '2018', NULL);
INSERT INTO `mahasiswa` VALUES (1928, 'Goparudin', 'E111821020', 7, '2018', NULL);
INSERT INTO `mahasiswa` VALUES (1929, 'Intan Namira Revizeria', 'E111821021', 7, '2018', NULL);
INSERT INTO `mahasiswa` VALUES (1930, 'Moch. Yusuf Ilyasyah', 'E111821022', 7, '2018', NULL);
INSERT INTO `mahasiswa` VALUES (1931, 'Novy Cintya Mustika Putri', 'E111821023', 7, '2018', NULL);
INSERT INTO `mahasiswa` VALUES (1932, 'Seila Rizky Nurliani', 'E111821025', 7, '2018', NULL);
INSERT INTO `mahasiswa` VALUES (1933, 'Sina Khoirinisa', 'E111821026', 7, '2018', NULL);
INSERT INTO `mahasiswa` VALUES (1934, 'Vivi Dusti Setya Ningrum', 'E111821029', 7, '2018', NULL);
INSERT INTO `mahasiswa` VALUES (1935, 'Siti Mahmudah', 'E111821031', 7, '2018', NULL);
INSERT INTO `mahasiswa` VALUES (1936, 'Anggi Rahmana', 'E411811001', 9, '2018', NULL);
INSERT INTO `mahasiswa` VALUES (1937, 'Faisal Firdaus Maulana', 'E411811002', 9, '2018', NULL);
INSERT INTO `mahasiswa` VALUES (1938, 'Jidan Fikri Maulana', 'E411811003', 9, '2018', NULL);
INSERT INTO `mahasiswa` VALUES (1939, 'Jonfiter Saruksuk', 'E411811004', 9, '2018', NULL);
INSERT INTO `mahasiswa` VALUES (1940, 'Maulana Yusuf Ibrahim', 'E411811005', 9, '2018', NULL);
INSERT INTO `mahasiswa` VALUES (1941, 'Michael Arnol Parasian Sitorus', 'E411811006', 9, '2018', NULL);
INSERT INTO `mahasiswa` VALUES (1942, 'Muhamad Farhan Aziz', 'E411811007', 9, '2018', NULL);
INSERT INTO `mahasiswa` VALUES (1943, 'Muhammad Fauzan Akbar Daulay', 'E411811008', 9, '2018', NULL);
INSERT INTO `mahasiswa` VALUES (1944, 'Mohammad Ilyas', 'E411811009', 9, '2018', NULL);
INSERT INTO `mahasiswa` VALUES (1945, 'Prasetyo Eko Sucipto', 'E411811010', 9, '2018', NULL);
INSERT INTO `mahasiswa` VALUES (1946, 'Rio Arie Shandy Sitanggang', 'E411811011', 9, '2018', NULL);
INSERT INTO `mahasiswa` VALUES (1947, 'Fendika Setiawan Nugraha', 'E411811029', 9, '2018', NULL);
INSERT INTO `mahasiswa` VALUES (1948, 'Ade Supratman', 'E411821012', 9, '2018', NULL);
INSERT INTO `mahasiswa` VALUES (1949, 'Agung Sumbowo', 'E411821013', 9, '2018', NULL);
INSERT INTO `mahasiswa` VALUES (1950, 'Andri Bagja Purnama', 'E411821014', 9, '2018', NULL);
INSERT INTO `mahasiswa` VALUES (1951, 'Aulia Nur\'Ahsan', 'E411821015', 9, '2018', NULL);
INSERT INTO `mahasiswa` VALUES (1952, 'Carollin Baretina Sitompul', 'E411821016', 9, '2018', NULL);
INSERT INTO `mahasiswa` VALUES (1953, 'Deri Irawan Prayoga', 'E411821017', 9, '2018', NULL);
INSERT INTO `mahasiswa` VALUES (1954, 'Eris Rivaldi', 'E411821018', 9, '2018', NULL);
INSERT INTO `mahasiswa` VALUES (1955, 'Fajar Hidayat', 'E411821019', 9, '2018', NULL);
INSERT INTO `mahasiswa` VALUES (1956, 'Ilham Faturrachman', 'E411821020', 9, '2018', NULL);
INSERT INTO `mahasiswa` VALUES (1957, 'Luky', 'E411821021', 9, '2018', NULL);
INSERT INTO `mahasiswa` VALUES (1958, 'Miftah Abdullah Ridwan', 'E411821022', 9, '2018', NULL);
INSERT INTO `mahasiswa` VALUES (1959, 'Muhammad Farhan Azhari', 'E411821023', 9, '2018', NULL);
INSERT INTO `mahasiswa` VALUES (1960, 'Mutajadid Sahalludin. Ali', 'E411821024', 9, '2018', NULL);
INSERT INTO `mahasiswa` VALUES (1961, 'Pratama Putra Muharram Nasution', 'E411821025', 9, '2018', NULL);
INSERT INTO `mahasiswa` VALUES (1962, 'Reyhan Rahadiansyah', 'E411821026', 9, '2018', NULL);
INSERT INTO `mahasiswa` VALUES (1963, 'Rizky Nurul Fauzi', 'E411821027', 9, '2018', NULL);
INSERT INTO `mahasiswa` VALUES (1964, 'Sandi Aji', 'E411821028', 9, '2018', NULL);
INSERT INTO `mahasiswa` VALUES (1965, 'Ai Susilawati', 'D211811001', 11, '2018', NULL);
INSERT INTO `mahasiswa` VALUES (1966, 'Ajeng Sekartini', 'D211811003', 11, '2018', NULL);
INSERT INTO `mahasiswa` VALUES (1967, 'Amanda Adelina Putri', 'D211811004', 11, '2018', NULL);
INSERT INTO `mahasiswa` VALUES (1968, 'Anindita Nur Andiva', 'D211811005', 11, '2018', NULL);
INSERT INTO `mahasiswa` VALUES (1969, 'Fera Miliani', 'D211811008', 11, '2018', NULL);
INSERT INTO `mahasiswa` VALUES (1970, 'Fitria Laila Sarampang', 'D211811009', 11, '2018', NULL);
INSERT INTO `mahasiswa` VALUES (1971, 'Hajrah', 'D211811010', 11, '2018', NULL);
INSERT INTO `mahasiswa` VALUES (1972, 'Mulya Syaiful Anwar', 'D211811012', 11, '2018', NULL);
INSERT INTO `mahasiswa` VALUES (1973, 'Nita Nurazizah', 'D211811013', 11, '2018', NULL);
INSERT INTO `mahasiswa` VALUES (1974, 'Reska Aulia', 'D211811014', 11, '2018', NULL);
INSERT INTO `mahasiswa` VALUES (1975, 'Suci Rahmawati', 'D211811016', 11, '2018', NULL);
INSERT INTO `mahasiswa` VALUES (1976, 'Anisha Handayani', 'D211811019', 11, '2018', NULL);
INSERT INTO `mahasiswa` VALUES (1977, 'Asep Kupiyansah', 'D211811020', 11, '2018', NULL);
INSERT INTO `mahasiswa` VALUES (1978, 'Erwin Maulana', 'D211811021', 11, '2018', NULL);
INSERT INTO `mahasiswa` VALUES (1979, 'Fauzi Hidayat', 'D211811022', 11, '2018', NULL);
INSERT INTO `mahasiswa` VALUES (1980, 'Findri Fauzi', 'D211811023', 11, '2018', NULL);
INSERT INTO `mahasiswa` VALUES (1981, 'Handrian Fransiskus Silaen', 'D211811024', 11, '2018', NULL);
INSERT INTO `mahasiswa` VALUES (1982, 'Hera Sulastri', 'D211811025', 11, '2018', NULL);
INSERT INTO `mahasiswa` VALUES (1983, 'Ilyas Permana', 'D211811026', 11, '2018', NULL);
INSERT INTO `mahasiswa` VALUES (1984, 'Lilis Lina Karlina', 'D211811027', 11, '2018', NULL);
INSERT INTO `mahasiswa` VALUES (1985, 'Mila Nurlatifah', 'D211811028', 11, '2018', NULL);
INSERT INTO `mahasiswa` VALUES (1986, 'Nazla Fabila', 'D211811029', 11, '2018', NULL);
INSERT INTO `mahasiswa` VALUES (1987, 'Nita Yulianti', 'D211811030', 11, '2018', NULL);
INSERT INTO `mahasiswa` VALUES (1988, 'Novia Nurma\'rufah', 'D211811031', 11, '2018', NULL);
INSERT INTO `mahasiswa` VALUES (1989, 'Puri Isna Mareta', 'D211811032', 11, '2018', NULL);
INSERT INTO `mahasiswa` VALUES (1990, 'Tsarra Rattu Kamila', 'D211811034', 11, '2018', NULL);
INSERT INTO `mahasiswa` VALUES (1991, 'Kristia Dewi', 'D211811011', 11, '2018', NULL);
INSERT INTO `mahasiswa` VALUES (1992, 'Wa Ode Iinharbiulsari I', 'D211811017', 11, '2018', NULL);
INSERT INTO `mahasiswa` VALUES (1993, 'Adistya Regina Dewi', 'D211811043', 11, '2018', NULL);
INSERT INTO `mahasiswa` VALUES (1994, 'Ai Nuryati', 'D211811041', 11, '2018', NULL);
INSERT INTO `mahasiswa` VALUES (1995, 'Dini Rindiani', 'D211811042', 11, '2018', NULL);
INSERT INTO `mahasiswa` VALUES (1996, 'Lia Nurasiah', 'D211811046', 11, '2018', NULL);
INSERT INTO `mahasiswa` VALUES (1997, 'Muhamad Naufal Istikhori', 'D211811049', 11, '2018', NULL);
INSERT INTO `mahasiswa` VALUES (1998, 'M.Muhibudin', 'D211811050', 11, '2018', NULL);
INSERT INTO `mahasiswa` VALUES (1999, 'Neng Ela Siti Rohmah', 'D211811051', 11, '2018', NULL);
INSERT INTO `mahasiswa` VALUES (2000, 'Ismail Zaidan', 'D211811052', 11, '2018', NULL);
INSERT INTO `mahasiswa` VALUES (2001, 'Dicky Bayu Nugraha S.H', 'D211811053', 11, '2018', NULL);
INSERT INTO `mahasiswa` VALUES (2002, 'Riska Agustina', 'D211811056', 11, '2018', NULL);
INSERT INTO `mahasiswa` VALUES (2003, 'Sandy Ardyansyah', 'D211811059', 11, '2018', NULL);
INSERT INTO `mahasiswa` VALUES (2004, 'Sara Nurasiah', 'D211811061', 11, '2018', NULL);
INSERT INTO `mahasiswa` VALUES (2005, 'Wahyu Muhamad Nabis Al Wahid .', 'D211811063', 11, '2018', NULL);
INSERT INTO `mahasiswa` VALUES (2006, 'Yani Siti Munawaroh', 'D211811064', 11, '2018', NULL);
INSERT INTO `mahasiswa` VALUES (2007, 'Yustika Nurul Fadillah', 'D211811065', 11, '2018', NULL);
INSERT INTO `mahasiswa` VALUES (2008, 'Indah Susena', 'D211811066', 11, '2018', NULL);
INSERT INTO `mahasiswa` VALUES (2009, 'Feri Setiawan', 'D211811067', 11, '2018', NULL);
INSERT INTO `mahasiswa` VALUES (2010, 'Revalina Noor Hidayat', 'D211811068', 11, '2018', NULL);
INSERT INTO `mahasiswa` VALUES (2011, 'Ummi Hani', 'D211811035', 11, '2018', NULL);
INSERT INTO `mahasiswa` VALUES (2012, 'Wahyu Andri Purnomo', 'D211811036', 11, '2018', NULL);
INSERT INTO `mahasiswa` VALUES (2013, 'Winda Setiani Nasution', 'D211811037', 11, '2018', NULL);
INSERT INTO `mahasiswa` VALUES (2014, 'Wulan Nur Endah Sari', 'D211811038', 11, '2018', NULL);
INSERT INTO `mahasiswa` VALUES (2015, 'Yoga Permana', 'D211811039', 11, '2018', NULL);
INSERT INTO `mahasiswa` VALUES (2016, 'Teresia Pita', 'D211811040', 11, '2018', NULL);
INSERT INTO `mahasiswa` VALUES (2017, 'Arya Pratama Putra', 'D511811001', 1, '2018', NULL);
INSERT INTO `mahasiswa` VALUES (2018, 'Asep Setiawan', 'D511811002', 1, '2018', NULL);
INSERT INTO `mahasiswa` VALUES (2019, 'Aswat Aswandy Lambero', 'D511811003', 1, '2018', NULL);
INSERT INTO `mahasiswa` VALUES (2020, 'Cepi Luthfi Rizwan', 'D511811004', 1, '2018', NULL);
INSERT INTO `mahasiswa` VALUES (2021, 'Deni Agus Juhari', 'D511811005', 1, '2018', NULL);
INSERT INTO `mahasiswa` VALUES (2022, 'Eep Saepulloh', 'D511811006', 1, '2018', NULL);
INSERT INTO `mahasiswa` VALUES (2023, 'Eliani', 'D511811007', 1, '2018', NULL);
INSERT INTO `mahasiswa` VALUES (2024, 'Farhan Aidil Viza', 'D511811008', 1, '2018', NULL);
INSERT INTO `mahasiswa` VALUES (2025, 'Fikri Ahmad Zein', 'D511811009', 1, '2018', NULL);
INSERT INTO `mahasiswa` VALUES (2026, 'Harmin', 'D511811010', 1, '2018', NULL);
INSERT INTO `mahasiswa` VALUES (2027, 'Hasnyiman', 'D511811011', 1, '2018', NULL);
INSERT INTO `mahasiswa` VALUES (2028, 'Ichsan Hidaya Rifaham', 'D511811012', 1, '2018', NULL);
INSERT INTO `mahasiswa` VALUES (2029, 'Imas Nurhayati', 'D511811013', 1, '2018', NULL);
INSERT INTO `mahasiswa` VALUES (2030, 'Irsyad Fadila Rahman', 'D511811014', 1, '2018', NULL);
INSERT INTO `mahasiswa` VALUES (2031, 'M Istamiul Makhdis', 'D511811015', 1, '2018', NULL);
INSERT INTO `mahasiswa` VALUES (2032, 'Muh Bayu Yusril AL Hasan', 'D511811017', 1, '2018', NULL);
INSERT INTO `mahasiswa` VALUES (2033, 'Muhamad Ridwan', 'D511811018', 1, '2018', NULL);
INSERT INTO `mahasiswa` VALUES (2034, 'Rian Andhika Putra', 'D511811019', 1, '2018', NULL);
INSERT INTO `mahasiswa` VALUES (2035, 'Ridho Cikal Daffa', 'D511811020', 1, '2018', NULL);
INSERT INTO `mahasiswa` VALUES (2036, 'Ridhwan Muhammad Fauzan Rahmatullah', 'D511811021', 1, '2018', NULL);
INSERT INTO `mahasiswa` VALUES (2037, 'Taufik Nur Ismail', 'D511811022', 1, '2018', NULL);
INSERT INTO `mahasiswa` VALUES (2038, 'Widia Pusptasari Asmawati', 'D511811023', 1, '2018', NULL);
INSERT INTO `mahasiswa` VALUES (2039, 'Reski Adi Kusuma', 'D511811024', 1, '2018', NULL);
INSERT INTO `mahasiswa` VALUES (2040, 'Agung Sulaeman', 'E511811001', 6, '2018', NULL);
INSERT INTO `mahasiswa` VALUES (2041, 'Akbar Malikul Mulki', 'E511811002', 6, '2018', NULL);
INSERT INTO `mahasiswa` VALUES (2042, 'Alexander Fernando', 'E511811004', 6, '2018', NULL);
INSERT INTO `mahasiswa` VALUES (2043, 'Bryan Natanael Sidauruk', 'E511811006', 6, '2018', NULL);
INSERT INTO `mahasiswa` VALUES (2044, 'Fadhel Ghani Kurniawan', 'E511811007', 6, '2018', NULL);
INSERT INTO `mahasiswa` VALUES (2045, 'Faldi Alvianus', 'E511811008', 6, '2018', NULL);
INSERT INTO `mahasiswa` VALUES (2046, 'Mochamad Rizki Pratama', 'E511811009', 6, '2018', NULL);
INSERT INTO `mahasiswa` VALUES (2047, 'Mohamad Arya Rehyansah', 'E511811010', 6, '2018', NULL);
INSERT INTO `mahasiswa` VALUES (2048, 'Muhammad Fadhilah Habibuddin', 'E511811011', 6, '2018', NULL);
INSERT INTO `mahasiswa` VALUES (2049, 'Muhammad Arif', 'E511811012', 6, '2018', NULL);
INSERT INTO `mahasiswa` VALUES (2050, 'Oka Oktapiar Nugraha', 'E511811013', 6, '2018', NULL);
INSERT INTO `mahasiswa` VALUES (2051, 'Pedro Damio Pereira Magno', 'E511811014', 6, '2018', NULL);
INSERT INTO `mahasiswa` VALUES (2052, 'Rio Haryono', 'E511811017', 6, '2018', NULL);
INSERT INTO `mahasiswa` VALUES (2053, 'Rizky Listyan Wiranto', 'E511811018', 6, '2018', NULL);
INSERT INTO `mahasiswa` VALUES (2054, 'Sandy Muhamad Fadilah', 'E511811019', 6, '2018', NULL);
INSERT INTO `mahasiswa` VALUES (2055, 'Tirta Putra Utama', 'E511811021', 6, '2018', NULL);
INSERT INTO `mahasiswa` VALUES (2056, 'Tito Syaiful Hakim', 'E511811022', 6, '2018', NULL);
INSERT INTO `mahasiswa` VALUES (2057, 'Vava Alfian Nurromadhoni', 'E511811023', 6, '2018', NULL);
INSERT INTO `mahasiswa` VALUES (2058, 'Yudhi Dharma Putra', 'E511811024', 6, '2018', NULL);
INSERT INTO `mahasiswa` VALUES (2059, 'Rifqi Assidik', 'E511811070', 6, '2018', NULL);
INSERT INTO `mahasiswa` VALUES (2060, 'Angga Bagusrizky Abdillah', 'D311811001', 6, '2018', NULL);
INSERT INTO `mahasiswa` VALUES (2061, 'Heri Aziz Kotari', 'D311811002', 6, '2018', NULL);
INSERT INTO `mahasiswa` VALUES (2062, 'Mochamad Alvin Fauzi', 'D311811003', 6, '2018', NULL);
INSERT INTO `mahasiswa` VALUES (2063, 'Abdurrahman Rifqi Wibowo', 'D311811007', 6, '2018', NULL);
INSERT INTO `mahasiswa` VALUES (2064, 'Aditya Darmawan', 'D311811008', 6, '2018', NULL);
INSERT INTO `mahasiswa` VALUES (2065, 'Afrizal Moechamad Saleh', 'D311811009', 6, '2018', NULL);
INSERT INTO `mahasiswa` VALUES (2066, 'Ahmad Rifai', 'D311811010', 6, '2018', NULL);
INSERT INTO `mahasiswa` VALUES (2067, 'Aldi Anggara Rafizqi', 'D311811011', 6, '2018', NULL);
INSERT INTO `mahasiswa` VALUES (2068, 'Azi Mutaqin', 'D311811012', 6, '2018', NULL);
INSERT INTO `mahasiswa` VALUES (2069, 'Christoper Jamessingly Sapan Bethony', 'D311811013', 6, '2018', NULL);
INSERT INTO `mahasiswa` VALUES (2070, 'Deri Ramdani', 'D311811014', 6, '2018', NULL);
INSERT INTO `mahasiswa` VALUES (2071, 'Dicky Fakhriansyah', 'D311811015', 6, '2018', NULL);
INSERT INTO `mahasiswa` VALUES (2072, 'Doni Maulana', 'D311811016', 6, '2018', NULL);
INSERT INTO `mahasiswa` VALUES (2073, 'Doni Junaedi', 'D311811017', 6, '2018', NULL);
INSERT INTO `mahasiswa` VALUES (2074, 'Eden Sutria Nurjaman', 'D311811018', 6, '2018', NULL);
INSERT INTO `mahasiswa` VALUES (2075, 'Fachriansyah Pratama', 'D311811019', 6, '2018', NULL);
INSERT INTO `mahasiswa` VALUES (2076, 'Fahmi Ahmad Fadilah', 'D311811020', 6, '2018', NULL);
INSERT INTO `mahasiswa` VALUES (2077, 'Frizi Miftahul Haq', 'D311811022', 6, '2018', NULL);
INSERT INTO `mahasiswa` VALUES (2078, 'Herdiansyah Sidik', 'D311811023', 6, '2018', NULL);
INSERT INTO `mahasiswa` VALUES (2079, 'M. Alfarizi', 'D311811024', 6, '2018', NULL);
INSERT INTO `mahasiswa` VALUES (2080, 'M. Zakaria', 'D311811025', 6, '2018', NULL);
INSERT INTO `mahasiswa` VALUES (2081, 'Muhammad Fajar Aliffansyah', 'D311811026', 6, '2018', NULL);
INSERT INTO `mahasiswa` VALUES (2082, 'Muhammad Zadnan Dito Prasetio', 'D311811027', 6, '2018', NULL);
INSERT INTO `mahasiswa` VALUES (2083, 'Muhamad Dwi Rivaldi', 'D311811028', 6, '2018', NULL);
INSERT INTO `mahasiswa` VALUES (2084, 'Muhammad Ismail', 'D311811029', 6, '2018', NULL);
INSERT INTO `mahasiswa` VALUES (2085, 'Rendy', 'D311811030', 6, '2018', NULL);
INSERT INTO `mahasiswa` VALUES (2086, 'Setiawan Djodi', 'D311811031', 6, '2018', NULL);
INSERT INTO `mahasiswa` VALUES (2087, 'Suhendrik Hsb', 'D311811032', 6, '2018', NULL);
INSERT INTO `mahasiswa` VALUES (2088, 'Syam Amrullah Karim', 'D311811033', 6, '2018', NULL);
INSERT INTO `mahasiswa` VALUES (2089, 'Vigo Juandra', 'D311811034', 6, '2018', NULL);
INSERT INTO `mahasiswa` VALUES (2090, 'Zara Amalia Arasy', 'D311811035', 6, '2018', NULL);
INSERT INTO `mahasiswa` VALUES (2091, 'Muhamad Faizal Iskandarsyah', 'D311811061', 6, '2018', NULL);
INSERT INTO `mahasiswa` VALUES (2092, 'Andin Fitriani', 'D311811062', 6, '2018', NULL);
INSERT INTO `mahasiswa` VALUES (2093, 'Ariansyah', 'D311811078', 6, '2018', NULL);
INSERT INTO `mahasiswa` VALUES (2094, 'Dinda Dina Riani', 'D311811079', 6, '2018', NULL);
INSERT INTO `mahasiswa` VALUES (2095, 'Harly Firdiansyah', 'D311811080', 6, '2018', NULL);
INSERT INTO `mahasiswa` VALUES (2096, 'Muhamad Rizal', 'D311811082', 6, '2018', NULL);
INSERT INTO `mahasiswa` VALUES (2097, 'Nurman Rukmana', 'D311811083', 6, '2018', NULL);
INSERT INTO `mahasiswa` VALUES (2098, 'M Fahri Lubis', 'D311811081', 6, '2018', NULL);
INSERT INTO `mahasiswa` VALUES (2099, 'Harun Arrasyid', 'D311811085', 6, '2018', NULL);
INSERT INTO `mahasiswa` VALUES (2100, 'Muhammad Mahyaruddin Siregar', 'D311811087', 6, '2018', NULL);
INSERT INTO `mahasiswa` VALUES (2101, 'Anggie Mullki Prathama', 'D311821036', 6, '2018', NULL);
INSERT INTO `mahasiswa` VALUES (2102, 'Asep Cahya Jaya', 'D311821038', 6, '2018', NULL);
INSERT INTO `mahasiswa` VALUES (2103, 'Danang Alfaridzi', 'D311821037', 6, '2018', NULL);
INSERT INTO `mahasiswa` VALUES (2104, 'Dedi Supriatna', 'D311821039', 6, '2018', NULL);
INSERT INTO `mahasiswa` VALUES (2105, 'Dudung Hidayat', 'D311821041', 6, '2018', NULL);
INSERT INTO `mahasiswa` VALUES (2106, 'Fajar Nur Ibrahim', 'D311821042', 6, '2018', NULL);
INSERT INTO `mahasiswa` VALUES (2107, 'Fajar Anas Purnama', 'D311821043', 6, '2018', NULL);
INSERT INTO `mahasiswa` VALUES (2108, 'Frederik Sabarino', 'D311821044', 6, '2018', NULL);
INSERT INTO `mahasiswa` VALUES (2109, 'Hendra Setiawan', 'D311821046', 6, '2018', NULL);
INSERT INTO `mahasiswa` VALUES (2110, 'Moh. Rafi Abdul Rahmat', 'D311821048', 6, '2018', NULL);
INSERT INTO `mahasiswa` VALUES (2111, 'Muhamad Rizal', 'D311821047', 6, '2018', NULL);
INSERT INTO `mahasiswa` VALUES (2112, 'Mustofa Abdul Basir', 'D311821051', 6, '2018', NULL);
INSERT INTO `mahasiswa` VALUES (2113, 'Restu Ariyadi', 'D311821061', 6, '2018', NULL);
INSERT INTO `mahasiswa` VALUES (2114, 'Rifki Rizkiandi', 'D311821053', 6, '2018', NULL);
INSERT INTO `mahasiswa` VALUES (2115, 'Riky Rachman', 'D311821054', 6, '2018', NULL);
INSERT INTO `mahasiswa` VALUES (2116, 'Ryan Ferdiansyah', 'D311821055', 6, '2018', NULL);
INSERT INTO `mahasiswa` VALUES (2117, 'Wandi Ardian', 'D311821056', 6, '2018', NULL);
INSERT INTO `mahasiswa` VALUES (2118, 'Yogi Lukmanul Hakim', 'D311821059', 6, '2018', NULL);
INSERT INTO `mahasiswa` VALUES (2119, 'Yusep Priandi', 'D311821058', 6, '2018', NULL);
INSERT INTO `mahasiswa` VALUES (2120, 'Nafilah Nur Azizah', 'D321811004', 6, '2018', NULL);
INSERT INTO `mahasiswa` VALUES (2121, 'Yusuf Juwansyah', 'D321811006', 6, '2018', NULL);
INSERT INTO `mahasiswa` VALUES (2122, 'Aziz Naufal Fadhilah', 'D321811068', 6, '2018', NULL);
INSERT INTO `mahasiswa` VALUES (2123, 'Eksan Ahmad Kurniawan', 'D321811069', 6, '2018', NULL);
INSERT INTO `mahasiswa` VALUES (2124, 'Fiqri Rizqika Fajar Hidayat', 'D321811070', 6, '2018', NULL);
INSERT INTO `mahasiswa` VALUES (2125, 'Hadi Muhtadi', 'D321811071', 6, '2018', NULL);
INSERT INTO `mahasiswa` VALUES (2126, 'Moch Nur Faizi Supriatna', 'D321811072', 6, '2018', NULL);
INSERT INTO `mahasiswa` VALUES (2127, 'Muhammad Quraish Jumaati', 'D321811073', 6, '2018', NULL);
INSERT INTO `mahasiswa` VALUES (2128, 'Muhammad Ismail Ash Shiddiq', 'D321811074', 6, '2018', NULL);
INSERT INTO `mahasiswa` VALUES (2129, 'Muhammad Rizqi Fauzan', 'D321811075', 6, '2018', NULL);
INSERT INTO `mahasiswa` VALUES (2130, 'Muhammad Zaki Tazakka', 'D321811076', 6, '2018', NULL);
INSERT INTO `mahasiswa` VALUES (2131, 'Pupung Rifaldi. BZ', 'D321811077', 6, '2018', NULL);
INSERT INTO `mahasiswa` VALUES (2132, 'Ariya Arsyad', 'D411811001', 12, '2018', NULL);
INSERT INTO `mahasiswa` VALUES (2133, 'Fikri Herdiansyah', 'D411811002', 12, '2018', NULL);
INSERT INTO `mahasiswa` VALUES (2134, 'Hafizh Hizbullah Muhammad', 'D411811003', 12, '2018', NULL);
INSERT INTO `mahasiswa` VALUES (2135, 'M. Rizal Ashshidiq', 'D411811004', 12, '2018', NULL);
INSERT INTO `mahasiswa` VALUES (2136, 'Muh. Fadil Mamua', 'D411811005', 12, '2018', NULL);
INSERT INTO `mahasiswa` VALUES (2137, 'Muh. Fazal Mulana', 'D411811006', 12, '2018', NULL);
INSERT INTO `mahasiswa` VALUES (2138, 'Muhamad Aldini Dazali', 'D411811007', 12, '2018', NULL);
INSERT INTO `mahasiswa` VALUES (2139, 'Raden Raihan Salsabila', 'D411811008', 12, '2018', NULL);
INSERT INTO `mahasiswa` VALUES (2140, 'Sabila Miftahul Ghina', 'D411811009', 12, '2018', NULL);
INSERT INTO `mahasiswa` VALUES (2141, 'A. Dicky Hendrawan', 'D411811010', 12, '2018', NULL);
INSERT INTO `mahasiswa` VALUES (2142, 'Ahmad Saepudin', 'D411811011', 12, '2018', NULL);
INSERT INTO `mahasiswa` VALUES (2143, 'Alwi Najar Maulana', 'D411811012', 12, '2018', NULL);
INSERT INTO `mahasiswa` VALUES (2144, 'Ariandy Nurmawan', 'D411811013', 12, '2018', NULL);
INSERT INTO `mahasiswa` VALUES (2145, 'Asri Wijaya', 'D411811014', 12, '2018', NULL);
INSERT INTO `mahasiswa` VALUES (2146, 'Dicki Darmawan', 'D411811015', 12, '2018', NULL);
INSERT INTO `mahasiswa` VALUES (2147, 'Hengky Pirnandes', 'D411811016', 12, '2018', NULL);
INSERT INTO `mahasiswa` VALUES (2148, 'Mei Anggara', 'D411811018', 12, '2018', NULL);
INSERT INTO `mahasiswa` VALUES (2149, 'Muhammad Siddik Alfajri', 'D411811019', 12, '2018', NULL);
INSERT INTO `mahasiswa` VALUES (2150, 'Riki Saputra', 'D411811020', 12, '2018', NULL);
INSERT INTO `mahasiswa` VALUES (2151, 'Rizky Wijaya', 'D411811021', 12, '2018', NULL);
INSERT INTO `mahasiswa` VALUES (2152, 'Siti Triza Fati Maharani', 'D411811022', 12, '2018', NULL);
INSERT INTO `mahasiswa` VALUES (2153, 'Syahrul Rozi', 'D411811023', 12, '2018', NULL);
INSERT INTO `mahasiswa` VALUES (2154, 'Wahyu Putra Pratama', 'D411811024', 12, '2018', NULL);
INSERT INTO `mahasiswa` VALUES (2155, 'Alfian Tri Nurrasyidin', 'D411811051', 12, '2018', NULL);
INSERT INTO `mahasiswa` VALUES (2156, 'Agung Ahmad Efandi', 'D411811025', 12, '2018', NULL);
INSERT INTO `mahasiswa` VALUES (2157, 'Alji Leanardi', 'D411811026', 12, '2018', NULL);
INSERT INTO `mahasiswa` VALUES (2158, 'Arya Zaenudin', 'D411811027', 12, '2018', NULL);
INSERT INTO `mahasiswa` VALUES (2159, 'Cris Nur Fajar', 'D411811028', 12, '2018', NULL);
INSERT INTO `mahasiswa` VALUES (2160, 'Faizal Aziz Ibrahim', 'D411811029', 12, '2018', NULL);
INSERT INTO `mahasiswa` VALUES (2161, 'Farhan Wahyudi', 'D411811030', 12, '2018', NULL);
INSERT INTO `mahasiswa` VALUES (2162, 'Giland Ramadan', 'D411811031', 12, '2018', NULL);
INSERT INTO `mahasiswa` VALUES (2163, 'Ilham Suryanto', 'D411811032', 12, '2018', NULL);
INSERT INTO `mahasiswa` VALUES (2164, 'Iqbal Aulia Ramadhani', 'D411811033', 12, '2018', NULL);
INSERT INTO `mahasiswa` VALUES (2165, 'Iskandar Muda', 'D411811034', 12, '2018', NULL);
INSERT INTO `mahasiswa` VALUES (2166, 'Muhammad Rizki Raihan Fareza', 'D411811035', 12, '2018', NULL);
INSERT INTO `mahasiswa` VALUES (2167, 'Muhammad Agung Dwi Putra', 'D411811036', 12, '2018', NULL);
INSERT INTO `mahasiswa` VALUES (2168, 'Mochamad Ilham Pratama', 'D411811037', 12, '2018', NULL);
INSERT INTO `mahasiswa` VALUES (2169, 'Muhamad Pugar', 'D411811038', 12, '2018', NULL);
INSERT INTO `mahasiswa` VALUES (2170, 'Muhammad Arik', 'D411811039', 12, '2018', NULL);
INSERT INTO `mahasiswa` VALUES (2171, 'Muhammad Rifqi Fadhillah', 'D411811040', 12, '2018', NULL);
INSERT INTO `mahasiswa` VALUES (2172, 'Raditya Shalsa Rivansyah', 'D411811041', 12, '2018', NULL);
INSERT INTO `mahasiswa` VALUES (2173, 'Reza Permana', 'D411811042', 12, '2018', NULL);
INSERT INTO `mahasiswa` VALUES (2174, 'Rifaldiy Herdiawan Saputra', 'D411811043', 12, '2018', NULL);
INSERT INTO `mahasiswa` VALUES (2175, 'Rifki Ahmad Hanifan', 'D411811044', 12, '2018', NULL);
INSERT INTO `mahasiswa` VALUES (2176, 'Rivaldi Mustafa', 'D411811045', 12, '2018', NULL);
INSERT INTO `mahasiswa` VALUES (2177, 'Ryan Ramadoni', 'D411811046', 12, '2018', NULL);
INSERT INTO `mahasiswa` VALUES (2178, 'Ryan Widianto', 'D411811047', 12, '2018', NULL);
INSERT INTO `mahasiswa` VALUES (2179, 'Soffy Misbahhul Anam', 'D411811048', 12, '2018', NULL);
INSERT INTO `mahasiswa` VALUES (2180, 'Vindianska', 'D411811049', 12, '2018', NULL);
INSERT INTO `mahasiswa` VALUES (2181, 'Arisyah Nur Afifah', 'E311811001', 4, '2018', NULL);
INSERT INTO `mahasiswa` VALUES (2182, 'Bastian Hidayat', 'E311811002', 4, '2018', NULL);
INSERT INTO `mahasiswa` VALUES (2183, 'Camilla Novita Rini', 'E311811003', 4, '2018', NULL);
INSERT INTO `mahasiswa` VALUES (2184, 'Irfan Amrizal', 'E311811007', 4, '2018', NULL);
INSERT INTO `mahasiswa` VALUES (2185, 'Reza Rosdiansyah', 'E311811009', 4, '2018', NULL);
INSERT INTO `mahasiswa` VALUES (2186, 'Rizky Waliyul Fahmi', 'E311811010', 4, '2018', NULL);
INSERT INTO `mahasiswa` VALUES (2187, 'Abdul Rosid Al Alawi', 'E211811001', 8, '2018', NULL);
INSERT INTO `mahasiswa` VALUES (2188, 'Arifin Leo Hamdi', 'E211811002', 8, '2018', NULL);
INSERT INTO `mahasiswa` VALUES (2189, 'Bilki Sumarli', 'E211811003', 8, '2018', NULL);
INSERT INTO `mahasiswa` VALUES (2190, 'Dimas Adijaya', 'E211811004', 8, '2018', NULL);
INSERT INTO `mahasiswa` VALUES (2191, 'Dzaky Raihan', 'E211811005', 8, '2018', NULL);
INSERT INTO `mahasiswa` VALUES (2192, 'Fahmi Rais Almahdi', 'E211811006', 8, '2018', NULL);
INSERT INTO `mahasiswa` VALUES (2193, 'Fauzi Rachmat', 'E211811007', 8, '2018', NULL);
INSERT INTO `mahasiswa` VALUES (2194, 'Iwan Setiawan', 'E211811008', 8, '2018', NULL);
INSERT INTO `mahasiswa` VALUES (2195, 'Mochammad Dwi Cahya Gymnastiar', 'E211811009', 8, '2018', NULL);
INSERT INTO `mahasiswa` VALUES (2196, 'Muhammad Ifham Syabana', 'E211811010', 8, '2018', NULL);
INSERT INTO `mahasiswa` VALUES (2197, 'Muhammad Syafrizal', 'E211811011', 8, '2018', NULL);
INSERT INTO `mahasiswa` VALUES (2198, 'Rian Andriansyah', 'E211811012', 8, '2018', NULL);
INSERT INTO `mahasiswa` VALUES (2199, 'Rifky Septyadi', 'E211811013', 8, '2018', NULL);
INSERT INTO `mahasiswa` VALUES (2200, 'Rizky Pratama Tazul Arifin', 'E211811014', 8, '2018', NULL);
INSERT INTO `mahasiswa` VALUES (2201, 'Sidiq Ahmad Fauzi', 'E211811015', 8, '2018', NULL);
INSERT INTO `mahasiswa` VALUES (2202, 'Soni Indrawan', 'E211811016', 8, '2018', NULL);
INSERT INTO `mahasiswa` VALUES (2203, 'Tedy Yuliyanto', 'E211811017', 8, '2018', NULL);
INSERT INTO `mahasiswa` VALUES (2204, 'Tri Fadilah Nugraha', 'E211811018', 8, '2018', NULL);
INSERT INTO `mahasiswa` VALUES (2205, 'Zibril Putra Noegi Gusta', 'E211811019', 8, '2018', NULL);
INSERT INTO `mahasiswa` VALUES (2206, 'Frans Arianto Gafar', 'E211811020', 8, '2018', NULL);
INSERT INTO `mahasiswa` VALUES (2207, 'Adi Lukita', 'E521811025', 5, '2018', NULL);
INSERT INTO `mahasiswa` VALUES (2208, 'Afdal Hakim', 'E521811026', 5, '2018', NULL);
INSERT INTO `mahasiswa` VALUES (2209, 'Ali Rahman', 'E521811027', 5, '2018', NULL);
INSERT INTO `mahasiswa` VALUES (2210, 'Bejo De Gidion Simanjuntak', 'E521811028', 5, '2018', NULL);
INSERT INTO `mahasiswa` VALUES (2211, 'Dendi Permana', 'E521811029', 5, '2018', NULL);
INSERT INTO `mahasiswa` VALUES (2212, 'Ejra Yursandi', 'E521811030', 5, '2018', NULL);
INSERT INTO `mahasiswa` VALUES (2213, 'Herman Faisal', 'E521811031', 5, '2018', NULL);
INSERT INTO `mahasiswa` VALUES (2214, 'Ilham Rohadi Simamora', 'E521811032', 5, '2018', NULL);
INSERT INTO `mahasiswa` VALUES (2215, 'Iqbal Najib Akbar', 'E521811033', 5, '2018', NULL);
INSERT INTO `mahasiswa` VALUES (2216, 'Jaka Rahmatullah', 'E521811034', 5, '2018', NULL);
INSERT INTO `mahasiswa` VALUES (2217, 'Jansi Putra Utama Hutauruk', 'E521811035', 5, '2018', NULL);
INSERT INTO `mahasiswa` VALUES (2218, 'Joshua Natanael Sianipar', 'E521811036', 5, '2018', NULL);
INSERT INTO `mahasiswa` VALUES (2219, 'Lisman Alfiando Hutauruk', 'E521811037', 5, '2018', NULL);
INSERT INTO `mahasiswa` VALUES (2220, 'Luthfi Farhan', 'E521811038', 5, '2018', NULL);
INSERT INTO `mahasiswa` VALUES (2221, 'Moh. Sofyan Fatrurahman', 'E521811039', 5, '2018', NULL);
INSERT INTO `mahasiswa` VALUES (2222, 'Muhamad Risky Al Sidik', 'E521811040', 5, '2018', NULL);
INSERT INTO `mahasiswa` VALUES (2223, 'Naufal Alkhafid', 'E521811041', 5, '2018', NULL);
INSERT INTO `mahasiswa` VALUES (2224, 'Rahmat Agung Hidayat Rusabuas', 'E521811042', 5, '2018', NULL);
INSERT INTO `mahasiswa` VALUES (2225, 'Rendo Bachtiar', 'E521811043', 5, '2018', NULL);
INSERT INTO `mahasiswa` VALUES (2226, 'Rio Ardison Hasibuan', 'E521811044', 5, '2018', NULL);
INSERT INTO `mahasiswa` VALUES (2227, 'Rizky Ramadoni', 'E521811045', 5, '2018', NULL);
INSERT INTO `mahasiswa` VALUES (2228, 'Sunarwan', 'E521811046', 5, '2018', NULL);
INSERT INTO `mahasiswa` VALUES (2229, 'Yan Feber Parsaulian Panggabean', 'E521811047', 5, '2018', NULL);
INSERT INTO `mahasiswa` VALUES (2230, 'Ahmad Fauzi Subur', 'E521811048', 5, '2018', NULL);
INSERT INTO `mahasiswa` VALUES (2231, 'Amin Rais', 'E521811049', 5, '2018', NULL);
INSERT INTO `mahasiswa` VALUES (2232, 'Angga Aditya Eka Nugraha', 'E521811050', 5, '2018', NULL);
INSERT INTO `mahasiswa` VALUES (2233, 'Asep Alif Alam Purnama', 'E521811051', 5, '2018', NULL);
INSERT INTO `mahasiswa` VALUES (2234, 'Caniado Nori Adindi', 'E521811052', 5, '2018', NULL);
INSERT INTO `mahasiswa` VALUES (2235, 'Dany Fitrah Lesmana', 'E521811053', 5, '2018', NULL);
INSERT INTO `mahasiswa` VALUES (2236, 'Deval Saputra', 'E521811054', 5, '2018', NULL);
INSERT INTO `mahasiswa` VALUES (2237, 'Dwi Anggi Febryanto', 'E521811055', 5, '2018', NULL);
INSERT INTO `mahasiswa` VALUES (2238, 'Fadli Alfi Syahrin', 'E521811056', 5, '2018', NULL);
INSERT INTO `mahasiswa` VALUES (2239, 'Pahmi Ibrahim', 'E521811057', 5, '2018', NULL);
INSERT INTO `mahasiswa` VALUES (2240, 'Galih Henda Putra', 'E521811058', 5, '2018', NULL);
INSERT INTO `mahasiswa` VALUES (2241, 'Galuh Henda Putra', 'E521811059', 5, '2018', NULL);
INSERT INTO `mahasiswa` VALUES (2242, 'Muhamad Iqbal Pranata', 'E521811060', 5, '2018', NULL);
INSERT INTO `mahasiswa` VALUES (2243, 'Ragil Septiaji', 'E521811061', 5, '2018', NULL);
INSERT INTO `mahasiswa` VALUES (2244, 'Rahman Padlyka', 'E521811062', 5, '2018', NULL);
INSERT INTO `mahasiswa` VALUES (2245, 'Ramdani', 'E521811063', 5, '2018', NULL);
INSERT INTO `mahasiswa` VALUES (2246, 'Renaldy Akbar Candra', 'E521811064', 5, '2018', NULL);
INSERT INTO `mahasiswa` VALUES (2247, 'Rhaka Kharan Danu', 'E521811065', 5, '2018', NULL);
INSERT INTO `mahasiswa` VALUES (2248, 'Rijalgo Atma Andika Saragi', 'E521811066', 5, '2018', NULL);
INSERT INTO `mahasiswa` VALUES (2249, 'Shendy Agus Pangestu', 'E521811067', 5, '2018', NULL);
INSERT INTO `mahasiswa` VALUES (2250, 'Yonatan Hasudungan Situmorang', 'E521811068', 5, '2018', NULL);
INSERT INTO `mahasiswa` VALUES (2251, 'Gilang Seftiawan Rizki', 'E521811069', 5, '2018', NULL);
INSERT INTO `mahasiswa` VALUES (2252, 'Mahyadin Tatro', 'E521811071', 5, '2018', NULL);
INSERT INTO `mahasiswa` VALUES (2253, 'Muhammad Bedi', 'E521811072', 5, '2018', NULL);
INSERT INTO `mahasiswa` VALUES (2254, 'Agung Gumelar Ahmad', 'D311811084', 6, '2018', NULL);
INSERT INTO `mahasiswa` VALUES (2255, 'Alpen Kasipmabin', 'D331811087', NULL, '2018', NULL);
INSERT INTO `mahasiswa` VALUES (2256, 'Toto Nuroso', 'D331811093', NULL, '2018', NULL);
INSERT INTO `mahasiswa` VALUES (2257, 'Aulia Nasru Al Haq', 'D121811147', 2, '2018', NULL);
INSERT INTO `mahasiswa` VALUES (2258, 'Eka Wiwi Prasetya Murad', 'D121811148', 2, '2018', NULL);
INSERT INTO `mahasiswa` VALUES (2259, 'Feri Setiadi', 'D121811149', 2, '2018', NULL);
INSERT INTO `mahasiswa` VALUES (2260, 'Muhammad Didin Amin', 'D121811150', 2, '2018', NULL);
INSERT INTO `mahasiswa` VALUES (2261, 'Nida Marliana', 'D121811151', 2, '2018', NULL);
INSERT INTO `mahasiswa` VALUES (2262, 'Olvyanti', 'D121811152', 2, '2018', NULL);
INSERT INTO `mahasiswa` VALUES (2263, 'Sinta Anta Sari BR Sembiring', 'D121811153', 2, '2018', NULL);
INSERT INTO `mahasiswa` VALUES (2264, 'Sitti Nur Rachmushifal', 'D121811154', 2, '2018', NULL);
INSERT INTO `mahasiswa` VALUES (2265, 'Sukmawati Salim', 'D121811155', 2, '2018', NULL);
INSERT INTO `mahasiswa` VALUES (2266, 'Yeni Heryani', 'D121811156', 2, '2018', NULL);
INSERT INTO `mahasiswa` VALUES (2267, 'Febi Ripan Maulana', 'E611821017', 10, '2018', NULL);
INSERT INTO `mahasiswa` VALUES (2268, 'Budi Ardian', 'D331811088', 5, '2018', NULL);
INSERT INTO `mahasiswa` VALUES (2269, 'Fahmi Idris', 'D331811089', 5, '2018', NULL);
INSERT INTO `mahasiswa` VALUES (2270, 'Ghaniya Islami Alhadi', 'D331811090', 5, '2018', NULL);
INSERT INTO `mahasiswa` VALUES (2271, 'Muhamad Ramdan', 'D331811091', 5, '2018', NULL);
INSERT INTO `mahasiswa` VALUES (2272, 'Otmar Ningdana', 'D331811092', 5, '2018', NULL);
INSERT INTO `mahasiswa` VALUES (2273, 'Yopi Ahmad Sopian', 'D331811094', 5, '2018', NULL);
INSERT INTO `mahasiswa` VALUES (2274, 'Taufiq Ismail', 'D331811095', 5, '2018', NULL);
INSERT INTO `mahasiswa` VALUES (2275, 'Heriyanto Hadi Nugroho', 'D331811096', 5, '2018', NULL);
INSERT INTO `mahasiswa` VALUES (2276, 'Aditya Darmawan', 'E222011041', 8, '2018', NULL);
INSERT INTO `mahasiswa` VALUES (2277, 'Rahmat Saefulloh', 'D111922115', 3, '2018', NULL);
INSERT INTO `mahasiswa` VALUES (2278, 'Febianto Ramdhani', 'D111922116', 3, '2018', NULL);
INSERT INTO `mahasiswa` VALUES (2279, 'Anggit Eki Saputro', 'D111922117', 3, '2018', NULL);
INSERT INTO `mahasiswa` VALUES (2280, 'Dos Chongly', 'D112012118', 3, '2018', NULL);
INSERT INTO `mahasiswa` VALUES (2281, 'Suon Veasnarithisak', 'D112012119', 3, '2018', NULL);
INSERT INTO `mahasiswa` VALUES (2282, 'Fadlil Annawal Ismail', 'D312022044', 6, '2018', NULL);
INSERT INTO `mahasiswa` VALUES (2283, 'Suon Vathaprasit', 'D212012073', 11, '2018', NULL);
INSERT INTO `mahasiswa` VALUES (2284, 'Riri Rahayu', 'D212012070', 11, '2018', NULL);
INSERT INTO `mahasiswa` VALUES (2285, 'Mochammad. Yusuf Ilyasyah', 'D212022071', 11, '2018', NULL);
INSERT INTO `mahasiswa` VALUES (2286, 'Siti Mahmudah', 'D212022072', 11, '2018', NULL);
INSERT INTO `mahasiswa` VALUES (2287, 'Maulana Yusuf Ibrahim', 'D412012052', 12, '2018', NULL);
INSERT INTO `mahasiswa` VALUES (2288, 'Prasetyo Eko Sucipto', 'D412012053', 12, '2018', NULL);
INSERT INTO `mahasiswa` VALUES (2289, 'Marta Wijaya', 'E511821071', 6, '2018', NULL);
INSERT INTO `mahasiswa` VALUES (2290, 'Sukirno', 'E511821072', 6, '2018', NULL);
INSERT INTO `mahasiswa` VALUES (2291, 'Supriyadi', 'E511821073', 6, '2018', NULL);
INSERT INTO `mahasiswa` VALUES (2292, 'Tarmid', 'E511821074', 6, '2018', NULL);
INSERT INTO `mahasiswa` VALUES (2296, 'Riyan', 'D112121062', 3, '2023', NULL);
INSERT INTO `mahasiswa` VALUES (2297, 'Riyan', 'D112121062', 3, '2023', NULL);
INSERT INTO `mahasiswa` VALUES (2298, 'Riyan', 'D112121062', 3, '2023', NULL);
INSERT INTO `mahasiswa` VALUES (2305, 'Katerina Widya', 'D112121068', 3, '2023', 'D112121068_nogb.png');
INSERT INTO `mahasiswa` VALUES (2306, 'Katerina Widyas', 'D1121210622', 3, '2023', 'D1121210622_1688822753_Kang Iyan.png');
INSERT INTO `mahasiswa` VALUES (2308, 'Test', 'D1121230120', 10, '2023', 'D1121230120_1690043298_Screenshot (2).png');
INSERT INTO `mahasiswa` VALUES (2309, 'addaw', 'w', 1, '2023', 'w_1690044376_Screenshot (2).png');

-- ----------------------------
-- Table structure for program_studi
-- ----------------------------
DROP TABLE IF EXISTS `program_studi`;
CREATE TABLE `program_studi`  (
  `ps_id` int(11) NOT NULL,
  `program_studi` varchar(50) CHARACTER SET latin1 COLLATE latin1_swedish_ci NULL DEFAULT NULL,
  PRIMARY KEY (`ps_id`) USING BTREE
) ENGINE = InnoDB CHARACTER SET = latin1 COLLATE = latin1_swedish_ci ROW_FORMAT = Compact;

-- ----------------------------
-- Records of program_studi
-- ----------------------------
INSERT INTO `program_studi` VALUES (1, 'D4 - Konstruksi Bangunan');
INSERT INTO `program_studi` VALUES (2, 'D3 - Rekam Medis Ilmu Kesehatan');
INSERT INTO `program_studi` VALUES (3, 'D4 - Teknik Informatika');
INSERT INTO `program_studi` VALUES (4, 'D3 - Teknik Komputer');
INSERT INTO `program_studi` VALUES (5, 'D3 - Mesin Otomotif');
INSERT INTO `program_studi` VALUES (6, 'D4 - Mekanik Industri dan Desain');
INSERT INTO `program_studi` VALUES (7, 'D3 - Akuntansi');
INSERT INTO `program_studi` VALUES (8, 'D3 - Teknik Mesin');
INSERT INTO `program_studi` VALUES (9, 'D3 - Teknik Elektronika');
INSERT INTO `program_studi` VALUES (10, 'D3 - Teknik Kimia');
INSERT INTO `program_studi` VALUES (11, 'D4 - Komputerisasi Akuntansi');
INSERT INTO `program_studi` VALUES (12, 'D4 - Teknik Otomasi');

-- ----------------------------
-- Table structure for users
-- ----------------------------
DROP TABLE IF EXISTS `users`;
CREATE TABLE `users`  (
  `id` bigint(20) UNSIGNED NOT NULL AUTO_INCREMENT,
  `name` varchar(255) CHARACTER SET utf8mb4 COLLATE utf8mb4_unicode_ci NOT NULL,
  `email` varchar(255) CHARACTER SET utf8mb4 COLLATE utf8mb4_unicode_ci NOT NULL,
  `password` varchar(255) CHARACTER SET utf8mb4 COLLATE utf8mb4_unicode_ci NOT NULL,
  `created_at` timestamp NULL DEFAULT NULL,
  `updated_at` timestamp NULL DEFAULT NULL,
  PRIMARY KEY (`id`) USING BTREE
) ENGINE = InnoDB AUTO_INCREMENT = 1 CHARACTER SET = latin1 COLLATE = latin1_swedish_ci ROW_FORMAT = Dynamic;

-- ----------------------------
-- Records of users
-- ----------------------------

SET FOREIGN_KEY_CHECKS = 1;
